seq_num,timestamp,TgenCAM,latitude,longitude,heading,velocity,size,trig_vel,trig_head,trig_distance,trig_timeout
0,1640788823809093,200,44.644375,10.930819,26.3,3.45,100,1,0,0,0
1,1640788824808979,1000,44.644405,10.930847,30.4,3.88,100,0,0,1,0
2,1640788826009593,1200,44.644437,10.930875,33.8,3.69,100,0,0,1,0
3,1640788826709076,700,44.644453,10.930889,36.5,3.15,100,1,0,0,0
4,1640788827109003,400,44.644458,10.930897,40.4,2.32,100,1,0,0,0
5,1640788827208972,100,44.644458,10.930902,50.8,2.6,100,0,1,0,0
6,1640788827609135,400,44.644463,10.930913,61.9,2.56,100,0,1,0,0
7,1640788827908974,300,44.644464,10.930923,75.2,2.42,100,0,1,0,0
8,1640788828909201,1000,44.64447,10.930952,63.8,2.02,100,0,1,0,0
9,1640788829109044,200,44.644461,10.930944,103.7,0.5,100,1,1,0,0
10,1640788830608967,1500,44.644465,10.930938,344.4,0.98,100,0,1,0,0
11,1640788830809013,200,44.644467,10.930938,103.4,1.12,100,0,1,0,0
12,1640788831009471,200,44.644467,10.930938,103.4,0.48,100,1,0,0,0
13,1640788834609144,3600,44.644463,10.930937,334.9,0.58,100,0,1,0,0
14,1640788834709191,100,44.644464,10.930936,103.6,0.48,100,0,1,0,0
15,1640788839709026,5000,44.644459,10.930938,103.7,0.0,100,0,0,0,1
16,1640788844709029,5000,44.644462,10.930941,103.6,0.0,100,0,0,0,1
17,1640788845509343,800,44.64446,10.930945,103.6,0.55,100,1,0,0,0
18,1640788845709024,200,44.644458,10.930948,139.8,1.0,100,0,1,0,0
19,1640788845909280,200,44.644457,10.930949,103.6,0.79,100,0,1,0,0
20,1640788846508982,600,44.644453,10.930956,132.7,1.26,100,0,1,0,0
21,1640788846908966,400,44.644451,10.93096,120.4,0.9,100,0,1,0,0
22,1640788847209210,300,44.644449,10.930967,136.2,1.55,100,1,1,0,0
23,1640788847509202,300,44.644447,10.930972,123.8,1.54,100,0,1,0,0
24,1640788847709081,200,44.644445,10.930976,121.0,2.07,100,1,0,0,0
25,1640788848308977,600,44.64444,10.930992,122.0,2.7,100,1,0,0,0
26,1640788849509300,1200,44.644421,10.931031,125.4,3.31,100,1,0,0,0
27,1640788850908960,1400,44.644398,10.931076,128.8,3.79,100,0,0,1,0
28,1640788851409212,500,44.644387,10.931099,126.4,4.36,100,1,0,0,0
29,1640788852009041,600,44.644374,10.931131,121.7,4.94,100,1,0,0,0
30,1640788852808973,800,44.644353,10.931174,120.2,5.17,100,0,0,1,0
31,1640788853609128,800,44.644333,10.931223,117.3,5.56,100,0,0,1,0
32,1640788854309022,700,44.644316,10.931253,118.3,5.02,100,1,0,0,0
33,1640788855209019,900,44.644297,10.9313,116.4,4.89,100,0,0,1,0
34,1640788856108957,900,44.644279,10.931337,119.2,4.34,100,1,0,0,0
35,1640788856908967,800,44.644266,10.931371,115.4,3.83,100,1,0,0,0
36,1640788857209333,300,44.644256,10.931382,126.4,3.8,100,0,1,0,0
37,1640788858209247,1000,44.644236,10.931427,121.3,4.0,100,0,0,1,0
38,1640788859209163,1000,44.644215,10.931472,125.1,4.35,100,0,0,1,0
39,1640788860108967,900,44.644195,10.931517,121.7,4.41,100,0,0,1,0
40,1640788861009054,900,44.644177,10.931564,118.4,4.64,100,0,0,1,0
41,1640788861909102,900,44.644163,10.931615,113.8,4.65,100,0,0,1,0
42,1640788862708976,800,44.64414,10.931655,122.8,4.87,100,0,0,1,0
43,1640788863509090,800,44.644118,10.9317,122.7,5.22,100,0,0,1,0
44,1640788864309200,800,44.644097,10.931746,118.7,5.04,100,0,0,1,0
45,1640788865109076,800,44.644076,10.931793,120.5,5.3,100,0,0,1,0
46,1640788865908986,800,44.64406,10.93184,119.7,5.22,100,0,0,1,0
47,1640788866709094,800,44.644042,10.931889,119.7,5.21,100,0,0,1,0
48,1640788867508970,800,44.644027,10.931938,118.1,4.91,100,0,0,1,0
49,1640788868309414,800,44.644009,10.931983,119.2,5.17,100,0,0,1,0
50,1640788869109268,800,44.64399,10.932029,122.4,5.04,100,0,0,1,0
51,1640788869909134,800,44.643972,10.932076,119.1,5.5,100,0,0,1,0
52,1640788870409225,500,44.643962,10.932106,119.4,4.98,100,1,0,0,0
53,1640788871209047,800,44.643943,10.932152,116.9,5.31,100,0,0,1,0
54,1640788872009085,800,44.643927,10.932199,113.4,5.23,100,0,0,1,0
55,1640788872809101,800,44.643909,10.932248,118.6,5.1,100,0,0,1,0
56,1640788873608963,800,44.643889,10.932292,120.5,5.12,100,0,0,1,0
57,1640788874409198,800,44.643866,10.932335,127.5,5.1,100,0,0,1,0
58,1640788875209093,800,44.643846,10.932378,120.0,5.07,100,0,0,1,0
59,1640788875909250,700,44.643827,10.932418,122.8,5.63,100,1,0,0,0
60,1640788876209072,300,44.643819,10.932435,119.5,5.07,100,1,0,0,0
61,1640788877012271,800,44.6438,10.932479,120.3,5.18,100,0,0,1,0
62,1640788877809378,800,44.643781,10.932525,117.7,5.09,100,0,0,1,0
63,1640788878609237,800,44.643761,10.93257,120.1,5.1,100,0,0,1,0
64,1640788879408953,800,44.643744,10.932615,116.0,5.14,100,0,0,1,0
65,1640788880209120,800,44.643725,10.932661,116.4,5.21,100,0,0,1,0
66,1640788881009055,800,44.643708,10.932708,119.1,5.25,100,0,0,1,0
67,1640788881808972,800,44.643693,10.932755,122.5,5.09,100,0,0,1,0
68,1640788882209357,400,44.643684,10.932781,115.4,5.83,100,1,0,0,0
69,1640788882508957,300,44.643677,10.932797,121.0,5.14,100,1,0,0,0
70,1640788883309129,800,44.643657,10.932843,123.4,5.11,100,0,0,1,0
71,1640788884109064,800,44.643639,10.932889,118.4,5.25,100,0,0,1,0
72,1640788884909153,800,44.643619,10.932933,122.8,4.96,100,0,0,1,0
73,1640788885709159,800,44.6436,10.93298,119.9,5.24,100,0,0,1,0
74,1640788886509152,800,44.643581,10.933027,118.9,5.28,100,0,0,1,0
75,1640788887309032,800,44.643564,10.933074,115.0,5.14,100,0,0,1,0
76,1640788888209022,900,44.643544,10.933121,120.7,5.08,100,0,0,1,0
77,1640788889010102,800,44.643526,10.933166,120.0,5.04,100,0,0,1,0
78,1640788889809062,800,44.643506,10.93321,122.6,4.94,100,0,0,1,0
79,1640788890609264,800,44.643486,10.933253,126.4,4.89,100,0,0,1,0
80,1640788891409114,800,44.643469,10.933301,119.1,5.25,100,0,0,1,0
81,1640788892308967,900,44.643449,10.933348,120.6,5.31,100,0,0,1,0
82,1640788893109269,800,44.64343,10.933392,120.3,4.99,100,0,0,1,0
83,1640788894009097,900,44.643413,10.93344,117.6,4.7,100,0,0,1,0
84,1640788894909266,900,44.643396,10.93348,112.8,3.96,100,1,0,0,0
85,1640788896009379,1100,44.643381,10.933527,114.9,3.24,100,1,0,1,0
86,1640788896209179,200,44.643381,10.933529,111.5,2.7,100,1,0,0,0
87,1640788896909063,700,44.643377,10.933552,101.4,2.62,100,0,1,0,0
88,1640788897509134,600,44.643373,10.933576,96.9,3.22,100,1,0,0,0
89,1640788898109088,600,44.64337,10.933594,100.8,2.62,100,1,0,0,0
90,1640788898609156,500,44.643369,10.933604,100.8,1.74,100,1,0,0,0
91,1640788899109232,500,44.643365,10.933609,107.1,1.08,100,1,0,0,0
92,1640788899409026,300,44.643363,10.933617,114.2,1.76,100,1,0,0,0
93,1640788900009302,600,44.643361,10.93363,102.4,1.67,100,0,1,0,0
94,1640788900108964,100,44.643367,10.933616,108.9,0.23,100,1,0,0,0
95,1640788905109106,5000,44.643371,10.933618,108.9,0.0,100,0,0,0,1
96,1640788910109439,5000,44.643373,10.933622,108.9,0.0,100,0,0,0,1
97,1640788915109275,5000,44.643372,10.933621,108.9,0.0,100,0,0,0,1
98,1640788917409239,2300,44.643368,10.933632,108.8,0.6,100,1,0,0,0
99,1640788917909246,500,44.643368,10.933632,108.8,0.0,100,1,0,0,0
100,1640788922909180,5000,44.643373,10.933641,108.8,0.0,100,0,0,0,1
101,1640788927908975,5000,44.643372,10.933641,108.8,0.0,100,0,0,0,1
102,1640788932908978,5000,44.643372,10.933641,108.8,0.0,100,0,0,0,1
103,1640788937909267,5000,44.643371,10.93364,108.8,0.0,100,0,0,0,1
104,1640788942909269,5000,44.643371,10.93364,108.8,0.0,100,0,0,0,1
105,1640788946109429,3200,44.643368,10.933652,89.6,1.13,100,1,1,0,0
106,1640788946209026,100,44.643368,10.933656,85.5,1.91,100,1,0,0,0
107,1640788946408981,200,44.643367,10.933659,100.0,1.53,100,0,1,0,0
108,1640788946709277,300,44.643367,10.933667,92.8,2.05,100,1,0,0,0
109,1640788946909107,200,44.643365,10.933671,107.0,1.94,100,0,1,0,0
110,1640788947509073,600,44.643361,10.933689,104.7,2.55,100,1,0,0,0
111,1640788949011112,1500,44.643352,10.933738,110.8,2.6,100,0,0,1,0
112,1640788949809055,800,44.643343,10.933768,116.8,3.4,100,1,0,0,0
113,1640788950109128,300,44.643345,10.93377,111.9,2.46,100,1,0,0,0
114,1640788950209031,100,44.643343,10.933775,112.7,3.0,100,1,0,0,0
115,1640788950408976,200,44.64334,10.933785,114.2,3.56,100,1,0,0,0
116,1640788950708958,300,44.643334,10.933801,118.3,4.14,100,1,0,0,0
117,1640788951208990,500,44.643327,10.933826,119.5,4.75,100,1,0,0,0
118,1640788951709000,500,44.643313,10.933854,123.7,5.32,100,1,0,0,0
119,1640788952109246,400,44.643303,10.933876,121.2,5.92,100,1,0,0,0
120,1640788952309024,200,44.643298,10.933886,121.5,5.13,100,1,0,0,0
121,1640788953109150,800,44.643272,10.933933,127.7,6.47,100,1,0,1,0
122,1640788953408959,300,44.643262,10.93395,126.8,5.68,100,1,0,0,0
123,1640788953709245,300,44.643256,10.933965,120.8,4.88,100,1,0,0,0
124,1640788954309028,600,44.643239,10.933997,125.7,5.79,100,1,0,0,0
125,1640788954509471,200,44.643235,10.934007,125.5,5.2,100,1,0,0,0
126,1640788955109038,600,44.64322,10.934035,121.8,4.66,100,1,0,0,0
127,1640788956008974,900,44.643197,10.93408,125.3,4.94,100,0,0,1,0
128,1640788956108971,100,44.643202,10.934073,120.8,3.59,100,1,0,0,0
129,1640788956208960,100,44.643201,10.934075,122.5,3.07,100,1,0,0,0
130,1640788957008975,800,44.643191,10.934099,120.3,2.56,100,1,0,0,0
131,1640788957109529,100,44.643192,10.93409,130.6,2.01,100,1,1,0,0
132,1640788957309026,200,44.643187,10.934092,146.9,2.15,100,0,1,0,0
133,1640788957509118,200,44.643185,10.934098,133.0,2.15,100,0,1,0,0
134,1640788958009255,500,44.643179,10.934107,138.3,1.6,100,1,0,0,0
135,1640788958109150,100,44.643183,10.934102,126.2,1.46,100,0,1,0,0
136,1640788959109226,1000,44.64318,10.934115,111.6,1.48,100,0,1,0,0
137,1640788959709420,600,44.643176,10.934121,121.7,1.21,100,0,1,0,0
138,1640788960009144,300,44.643175,10.934125,110.5,1.21,100,0,1,0,0
139,1640788960109448,100,44.643182,10.93412,79.6,0.82,100,0,1,0,0
140,1640788960409028,300,44.643183,10.934121,121.7,0.53,100,0,1,0,0
141,1640788960509156,100,44.643187,10.934122,43.4,0.95,100,0,1,0,0
142,1640788961109080,600,44.643186,10.934124,121.7,0.63,100,0,1,0,0
143,1640788961209098,100,44.643186,10.934125,67.9,0.63,100,0,1,0,0
144,1640788961309026,100,44.643186,10.934125,121.7,0.48,100,0,1,0,0
145,1640788961408965,100,44.643179,10.934127,146.4,0.79,100,0,1,0,0
146,1640788961808983,400,44.643177,10.934128,121.7,0.66,100,0,1,0,0
147,1640788962109449,300,44.643172,10.934135,112.4,1.21,100,1,0,0,0
148,1640788962409032,300,44.64317,10.934137,128.2,1.05,100,0,1,0,0
149,1640788962509011,100,44.643167,10.934138,141.3,1.2,100,0,1,0,0
150,1640788962608963,100,44.643172,10.934137,121.7,0.42,100,1,1,0,0
151,1640788962709091,100,44.643169,10.934138,133.9,0.74,100,0,1,0,0
152,1640788962909530,200,44.64317,10.934139,109.8,0.51,100,0,1,0,0
153,1640788963009062,100,44.643169,10.93414,126.4,0.63,100,0,1,0,0
154,1640788963109070,100,44.643164,10.934137,143.3,0.7,100,0,1,0,0
155,1640788963309054,200,44.643163,10.934141,132.1,1.13,100,0,1,0,0
156,1640788963509044,200,44.643163,10.934142,112.5,0.69,100,0,1,0,0
157,1640788964109239,600,44.643157,10.934146,125.7,0.83,100,0,1,0,0
158,1640788964208990,100,44.643156,10.934153,105.6,1.49,100,1,1,0,0
159,1640788964309019,100,44.643154,10.934155,120.9,1.53,100,0,1,0,0
160,1640788966109651,1800,44.643131,10.934162,182.2,1.47,100,0,1,0,0
161,1640788966309078,200,44.643127,10.934166,153.2,1.71,100,0,1,0,0
162,1640788967109069,800,44.643109,10.934178,124.2,1.57,100,0,1,0,0
163,1640788968809102,1700,44.64308,10.934209,126.2,1.58,100,0,0,1,0
164,1640788969110040,300,44.643065,10.934215,140.8,1.23,100,0,1,0,0
165,1640788969209035,100,44.643065,10.934219,122.8,1.49,100,0,1,0,0
166,1640788969509361,300,44.643064,10.934219,155.5,0.56,100,1,1,0,0
167,1640788969609016,100,44.643064,10.93422,125.1,0.38,100,0,1,0,0
168,1640788969709001,100,44.643064,10.934219,164.4,0.29,100,0,1,0,0
169,1640788969809058,100,44.643063,10.934218,207.6,0.51,100,0,1,0,0
170,1640788969909070,100,44.643063,10.934219,157.2,0.25,100,0,1,0,0
171,1640788970009370,100,44.643063,10.934221,104.7,0.59,100,0,1,0,0
172,1640788970109238,100,44.643052,10.934225,116.6,0.78,100,0,1,0,0
173,1640788970409068,300,44.643054,10.934221,302.4,0.56,100,0,1,0,0
174,1640788970509094,100,44.643054,10.934222,346.7,0.22,100,0,1,0,0
175,1640788970609034,100,44.643053,10.934224,113.7,0.41,100,0,1,0,0
176,1640788970808995,200,44.643053,10.934225,99.9,0.5,100,0,1,0,0
177,1640788971009535,200,44.643052,10.934227,116.5,0.66,100,0,1,0,0
178,1640788971109224,100,44.643045,10.934227,128.7,0.86,100,0,1,0,0
179,1640788971508984,400,44.643044,10.934231,115.0,0.85,100,0,1,0,0
180,1640788972009415,500,44.643041,10.934236,133.4,1.01,100,0,1,0,0
181,1640788972808985,800,44.643021,10.934256,133.6,2.12,100,1,0,0,0
182,1640788973408958,600,44.64301,10.934271,114.8,1.94,100,0,1,0,0
183,1640788974109074,700,44.642997,10.934288,126.7,2.09,100,0,1,0,0
184,1640788974309011,200,44.642993,10.934296,124.9,2.67,100,1,0,0,0
185,1640788974509335,200,44.64299,10.934307,122.2,3.34,100,1,0,0,0
186,1640788975109015,600,44.642971,10.934328,133.4,3.68,100,0,1,0,0
187,1640788975409053,300,44.642962,10.934343,131.3,4.51,100,1,0,0,0
188,1640788975609026,200,44.642955,10.934353,134.0,5.02,100,1,0,0,0
189,1640788975908961,300,44.642948,10.934366,128.8,4.48,100,1,0,0,0
190,1640788976608957,700,44.642929,10.9344,126.5,5.19,100,1,0,0,0
191,1640788977408960,800,44.642904,10.934437,129.4,5.4,100,0,0,1,0
192,1640788978009161,600,44.642891,10.934471,118.6,5.15,100,0,1,0,0
193,1640788978309427,300,44.642878,10.934488,122.0,5.8,100,1,0,0,0
194,1640788979108959,800,44.642847,10.934531,133.3,5.22,100,1,1,1,0
195,1640788979509142,400,44.642839,10.934553,116.2,5.01,100,0,1,0,0
196,1640788980009246,500,44.642829,10.934588,108.8,6.06,100,1,0,0,0
197,1640788980109255,100,44.64282,10.93459,119.0,5.68,100,0,1,0,0
198,1640788980209083,100,44.642819,10.934594,119.3,4.9,100,1,0,0,0
199,1640788980509038,300,44.642814,10.934613,108.3,5.33,100,0,1,0,0
200,1640788980709126,200,44.642808,10.934622,119.5,5.13,100,0,1,0,0
201,1640788981109472,400,44.642798,10.934641,125.7,4.45,100,1,0,0,0
202,1640788981609036,500,44.642789,10.934666,115.1,4.25,100,0,1,0,0
203,1640788982109397,500,44.642778,10.934696,119.4,4.79,100,1,0,0,0
204,1640788982908974,800,44.642758,10.93474,126.1,4.98,100,0,0,1,0
205,1640788983009514,100,44.642758,10.934749,113.1,5.17,100,0,1,0,0
206,1640788983808998,800,44.642737,10.934792,122.4,5.26,100,0,0,1,0
207,1640788984609101,800,44.64272,10.934838,113.8,5.09,100,0,0,1,0
208,1640788985309029,700,44.642703,10.934874,124.0,5.04,100,0,1,0,0
209,1640788985609025,300,44.642697,10.934889,116.9,4.42,100,1,0,0,0
210,1640788985709321,100,44.642695,10.934899,114.4,5.34,100,1,0,0,0
211,1640788985809083,100,44.64269,10.9349,125.6,5.09,100,0,1,0,0
212,1640788986609044,800,44.64267,10.934936,125.9,4.54,100,1,0,0,0
213,1640788986709022,100,44.642668,10.934938,129.0,3.98,100,1,0,0,0
214,1640788987609076,900,44.642662,10.934989,118.4,3.76,100,0,1,1,0
215,1640788988709044,1100,44.642647,10.935041,123.4,3.68,100,0,0,1,0
216,1640788989109019,400,44.642639,10.935062,127.8,4.27,100,1,0,0,0
217,1640788989809249,700,44.642622,10.935095,126.9,4.81,100,1,0,0,0
218,1640788990109241,300,44.642619,10.935119,125.4,5.34,100,1,0,0,0
219,1640788991009556,900,44.642597,10.935164,124.1,4.92,100,0,0,1,0
220,1640788991709023,700,44.642585,10.935202,121.4,5.56,100,1,0,0,0
221,1640788991809061,100,44.642584,10.935204,120.4,4.14,100,1,0,0,0
222,1640788991909153,100,44.64258,10.935206,131.7,4.04,100,0,1,0,0
223,1640788992109048,200,44.642578,10.935219,129.1,4.78,100,1,0,0,0
224,1640788992809278,700,44.642563,10.93526,118.1,5.17,100,0,1,0,0
225,1640788993608966,800,44.642541,10.935305,120.0,5.0,100,0,0,1,0
226,1640788994209029,600,44.642521,10.935333,130.9,4.73,100,0,1,0,0
227,1640788994509024,300,44.642519,10.935352,117.7,4.54,100,0,1,0,0
228,1640788995409257,900,44.642494,10.935396,123.1,4.54,100,0,0,1,0
229,1640788996309425,900,44.64247,10.935441,131.4,4.86,100,0,0,1,0
230,1640788997109094,800,44.642446,10.935481,132.3,5.16,100,0,0,1,0
231,1640788997909052,800,44.642423,10.935523,129.4,5.41,100,0,0,1,0
232,1640788998509313,600,44.642406,10.935569,125.8,6.14,100,1,0,1,0
233,1640788998908966,400,44.642398,10.935605,115.2,6.66,100,1,1,0,0
234,1640788999108965,200,44.642393,10.935613,114.9,6.01,100,1,0,0,0
235,1640788999308957,200,44.642386,10.935621,120.9,5.41,100,1,0,0,0
236,1640789000109232,800,44.642363,10.935653,136.2,4.59,100,1,1,0,0
237,1640789000209118,100,44.642363,10.935661,125.2,4.66,100,0,1,0,0
238,1640789000409888,200,44.642356,10.935675,119.6,5.35,100,1,0,0,0
239,1640789000809066,400,44.642348,10.935698,115.1,4.75,100,1,0,0,0
240,1640789001109233,300,44.642345,10.935721,103.9,5.27,100,1,1,0,0
241,1640789001709024,600,44.642331,10.93575,121.0,4.91,100,0,1,0,0
242,1640789002009097,300,44.642324,10.935772,116.6,5.68,100,1,0,0,0
243,1640789002109020,100,44.642322,10.935774,124.4,4.63,100,1,0,0,0
244,1640789003009052,900,44.642303,10.935821,121.9,4.77,100,0,0,1,0
245,1640789003908982,900,44.642289,10.93587,128.4,4.33,100,0,0,1,0
246,1640789004109180,200,44.642286,10.935894,129.1,5.28,100,1,0,0,0
247,1640789004908964,800,44.642263,10.935938,127.0,5.5,100,0,0,1,0
248,1640789005209061,300,44.642257,10.935953,126.9,4.87,100,1,0,0,0
249,1640789005709011,500,44.642244,10.935982,122.8,5.42,100,1,0,0,0
250,1640789006608970,900,44.642225,10.936032,122.8,5.38,100,0,0,1,0
251,1640789007409072,800,44.642204,10.936079,122.1,5.47,100,0,0,1,0
252,1640789008209240,800,44.642183,10.936123,120.5,5.28,100,0,0,1,0
253,1640789009009009,800,44.642162,10.936167,122.0,5.28,100,0,0,1,0
254,1640789009809260,800,44.642143,10.936217,121.9,5.32,100,0,0,1,0
255,1640789010609241,800,44.642121,10.936261,121.8,5.42,100,0,0,1,0
256,1640789011508957,900,44.642098,10.936306,125.1,5.27,100,0,0,1,0
257,1640789012309047,800,44.64208,10.936353,118.2,5.31,100,0,0,1,0
258,1640789013209038,900,44.642057,10.9364,122.3,5.04,100,0,0,1,0
259,1640789014008979,800,44.642037,10.936444,128.6,5.31,100,0,0,1,0
260,1640789014809093,800,44.642008,10.936475,131.5,5.05,100,0,0,1,0
261,1640789015509510,700,44.641993,10.936521,123.4,5.06,100,0,0,1,0
262,1640789016308965,800,44.641973,10.936552,127.1,4.26,100,1,0,0,0
263,1640789016609057,300,44.641966,10.93657,123.4,4.84,100,1,0,0,0
264,1640789017109029,500,44.641954,10.936589,126.7,4.33,100,1,0,0,0
265,1640789017909094,800,44.641934,10.936635,121.6,5.39,100,1,0,1,0
266,1640789018509018,600,44.641921,10.936669,121.7,4.73,100,1,0,0,0
267,1640789019108972,600,44.641909,10.936706,123.8,5.36,100,1,0,0,0
268,1640789019909202,800,44.641887,10.936747,125.5,5.13,100,0,0,1,0
269,1640789020808984,900,44.641869,10.936795,119.4,4.92,100,0,0,1,0
270,1640789021209037,400,44.641863,10.936813,114.4,4.33,100,1,0,0,0
271,1640789021709225,500,44.64185,10.936838,127.3,4.72,100,0,1,0,0
272,1640789022708956,1000,44.641829,10.936882,120.3,4.46,100,0,0,1,0
273,1640789023009278,300,44.641824,10.936904,114.9,5.27,100,1,0,0,0
274,1640789023109017,100,44.641819,10.9369,125.4,4.57,100,1,1,0,0
275,1640789023809447,700,8.0,10.936939,121.9,5.07,100,0,0,1,0
276,1640789023909241,100,44.641802,10.936945,120.2,5.1,100,0,0,1,0
277,1640789024808961,900,44.641786,10.936993,115.3,4.94,100,0,0,1,0
278,1640789025308957,500,44.641769,10.93702,127.6,4.98,100,0,1,0,0
279,1640789025408973,100,44.641765,10.93703,124.0,5.96,100,1,0,0,0
280,1640789025509017,100,44.64176,10.937042,123.5,6.99,100,1,0,0,0
281,1640789025708994,200,44.641749,10.937059,129.1,7.62,100,1,0,0,0
282,1640789026108964,400,44.641754,10.93707,114.4,4.96,100,1,1,0,0
283,1640789026909354,800,44.641737,10.937117,114.0,5.32,100,0,0,1,0
284,1640789027709022,800,44.64172,10.937165,117.1,5.38,100,0,0,1,0
285,1640789028509034,800,44.641701,10.937213,118.1,5.73,100,0,0,1,0
286,1640789029109236,600,44.641682,10.937244,127.8,5.13,100,1,0,0,0
287,1640789029908957,800,44.641663,10.937289,122.4,5.03,100,0,0,1,0
288,1640789030109179,200,44.641655,10.937301,126.2,5.65,100,1,0,0,0
289,1640789030408949,300,44.641648,10.937317,119.5,5.07,100,1,0,0,0
290,1640789031108963,700,44.641631,10.937362,119.5,5.61,100,1,0,1,0
291,1640789031208966,100,44.641628,10.937365,120.7,4.96,100,1,0,0,0
292,1640789032009284,800,44.641608,10.937409,122.9,5.29,100,0,0,1,0
293,1640789032109263,100,44.641597,10.937393,140.9,4.77,100,1,1,0,0
294,1640789033009092,900,44.641572,10.937434,130.6,4.65,100,0,1,1,0
295,1640789033408982,400,44.641555,10.937449,139.4,5.27,100,1,0,0,0
296,1640789033609254,200,44.641546,10.937449,149.7,4.55,100,1,1,0,0
297,1640789034109245,500,44.641533,10.937485,130.2,5.43,100,1,1,0,0
298,1640789034609244,500,44.641522,10.93751,128.4,4.63,100,1,0,0,0
299,1640789035309245,700,44.641504,10.937556,128.2,4.74,100,0,0,1,0
300,1640789036008975,700,44.64149,10.937587,118.0,4.03,100,1,1,0,0
301,1640789036808979,800,44.641468,10.937626,123.3,4.63,100,1,0,0,0
302,1640789037408962,600,44.641458,10.937655,121.4,4.04,100,1,0,0,0
303,1640789038409087,1000,44.641439,10.937693,114.6,3.47,100,1,0,0,0
304,1640789038708964,300,44.641432,10.937706,124.0,9.0,100,1,0,0,0
305,1640789038809152,100,44.64143,10.93771,122.7,3.92,100,1,0,0,0
306,1640789039208981,400,44.641415,10.937729,122.5,4.47,100,1,0,0,0
307,1640789040009145,800,44.641396,10.93777,124.0,5.18,100,1,0,0,0
308,1640789040109083,100,44.641395,10.937779,118.1,4.66,100,1,0,0,0
309,1640789040309076,200,44.641391,10.937792,115.1,5.3,100,1,0,0,0
310,1640789040409029,100,44.64139,10.937796,113.6,4.78,100,1,0,0,0
311,1640789040709038,300,44.641383,10.937816,114.5,5.46,100,1,0,0,0
312,1640789041109503,400,44.641378,10.937844,124.6,4.57,100,1,1,0,0
313,1640789042009074,900,44.641356,10.937887,122.8,4.68,100,0,0,1,0
314,1640789042909447,900,44.641338,10.937934,129.3,4.4,100,0,0,1,0
315,1640789043109243,200,44.641338,10.937957,122.7,4.92,100,1,0,0,0
316,1640789043809467,700,44.641314,10.937988,143.6,5.41,100,0,1,0,0
317,1640789043909169,100,44.641313,10.937994,135.7,4.83,100,1,0,0,0
318,1640789044608964,700,44.641301,10.93804,120.4,5.14,100,0,1,0,0
319,1640789045408964,800,44.641279,10.938083,123.4,5.29,100,0,0,1,0
320,1640789046209277,800,44.641259,10.93813,119.7,5.51,100,0,0,1,0
321,1640789047009088,800,44.64124,10.938176,119.4,5.31,100,0,0,1,0
322,1640789047809208,800,44.641221,10.938223,122.2,5.07,100,0,0,1,0
323,1640789048609031,800,44.641204,10.938268,125.2,4.9,100,0,0,1,0
324,1640789049409236,800,44.641183,10.938313,121.8,5.25,100,0,0,1,0
325,1640789050209229,800,44.64116,10.938355,127.9,5.08,100,0,0,1,0
326,1640789051009047,800,44.64114,10.9384,123.2,5.21,100,0,0,1,0
327,1640789051909051,900,44.641119,10.938447,121.0,5.03,100,0,0,1,0
328,1640789052209050,300,44.64111,10.938466,119.1,5.63,100,1,0,0,0
329,1640789053009183,800,44.641092,10.938514,119.2,5.66,100,0,0,1,0
330,1640789053209021,200,44.641087,10.93852,121.2,5.11,100,1,0,0,0
331,1640789054009289,800,44.641067,10.938563,122.3,5.14,100,0,0,1,0
332,1640789054809052,800,44.641048,10.938607,119.3,5.55,100,0,0,1,0
333,1640789055409340,600,44.641034,10.938644,123.5,5.04,100,1,0,0,0
334,1640789056209036,800,44.641015,10.938687,127.1,4.85,100,0,0,1,0
335,1640789057009153,800,44.640995,10.938731,123.0,5.21,100,0,0,1,0
336,1640789057809057,800,44.640974,10.938775,125.0,5.02,100,0,0,1,0
337,1640789058609452,800,44.640955,10.938818,121.1,5.0,100,0,0,1,0
338,1640789059308976,700,44.640938,10.938859,117.2,5.85,100,1,0,0,0
339,1640789059408977,100,44.640935,10.938863,120.2,5.31,100,1,0,0,0
340,1640789060209689,800,44.640916,10.938908,121.5,5.24,100,0,0,1,0
341,1640789061009042,800,44.640895,10.938951,122.5,5.22,100,0,0,1,0
342,1640789061809254,800,44.640875,10.938996,122.5,5.34,100,0,0,1,0
343,1640789062609084,800,44.640853,10.939037,122.3,5.24,100,0,0,1,0
344,1640789063408990,800,44.640832,10.939083,123.4,5.24,100,0,0,1,0
345,1640789064208965,800,44.640811,10.939126,125.0,5.13,100,0,0,1,0
346,1640789065008977,800,44.640792,10.939171,122.0,5.05,100,0,0,1,0
347,1640789065709279,700,44.640774,10.93921,122.4,4.54,100,1,0,0,0
348,1640789066509426,800,44.640753,10.939255,122.2,4.74,100,0,0,1,0
349,1640789067208959,700,44.640738,10.939292,120.1,4.22,100,1,0,0,0
350,1640789067408960,200,44.640735,10.939298,120.7,3.71,100,1,0,0,0
351,1640789067908962,500,44.640729,10.939316,119.6,3.14,100,1,0,0,0
352,1640789068108959,200,44.640725,10.93932,122.7,2.5,100,1,0,0,0
353,1640789068409575,300,44.640722,10.939324,127.7,1.66,100,1,0,0,0
354,1640789069009232,600,44.640718,10.939331,119.3,1.0,100,1,0,0,0
355,1640789069109393,100,44.640716,10.939334,130.5,1.06,100,0,1,0,0
356,1640789069509019,400,44.640716,10.939335,131.0,0.42,100,1,0,0,0
357,1640789074509025,5000,44.640716,10.939347,130.6,0.0,100,0,0,0,1
358,1640789079509112,5000,44.640721,10.939351,130.6,0.0,100,0,0,0,1
359,1640789084208955,4700,44.640724,10.939355,130.6,0.62,100,1,0,0,0
360,1640789084608961,400,44.640724,10.939356,130.6,0.0,100,1,0,0,0
361,1640789089609202,5000,44.640739,10.939378,130.6,0.0,100,0,0,0,1
362,1640789094609289,5000,44.640748,10.939385,130.6,0.0,100,0,0,0,1
363,1640789098009061,3400,44.640756,10.939398,130.6,0.71,100,1,0,0,0
364,1640789098409207,400,44.640753,10.939401,140.1,1.31,100,1,0,0,0
365,1640789098609251,200,44.640751,10.939405,129.2,1.58,100,0,1,0,0
366,1640789098909002,300,44.64075,10.939407,134.7,1.01,100,1,0,0,0
367,1640789099009349,100,44.64075,10.93941,103.2,1.13,100,0,1,0,0
368,1640789099209484,200,44.640748,10.93942,119.3,1.82,100,1,1,0,0
369,1640789099709052,500,44.640742,10.939432,122.6,2.39,100,1,0,0,0
370,1640789100309027,600,44.640733,10.939457,110.5,3.13,100,1,1,0,0
371,1640789101209022,900,44.640721,10.939495,113.1,3.7,100,1,0,0,0
372,1640789101609023,400,44.640715,10.939516,112.2,4.3,100,1,0,0,0
373,1640789102609270,1000,44.640699,10.939564,117.8,4.01,100,0,0,1,0
374,1640789102809587,200,44.640694,10.939569,129.5,3.79,100,0,1,0,0
375,1640789103309152,500,44.640679,10.939583,143.8,3.75,100,0,1,0,0
376,1640789104209120,900,44.640655,10.939621,133.3,4.14,100,0,1,1,0
377,1640789104408956,200,44.64065,10.939632,126.9,4.85,100,1,0,0,0
378,1640789105309090,900,44.640628,10.939678,121.6,5.08,100,0,0,1,0
379,1640789105709204,400,44.640618,10.939703,118.9,5.9,100,1,0,0,0
380,1640789106009033,300,44.640612,10.939719,118.5,5.25,100,1,0,0,0
381,1640789106809059,800,44.640591,10.939764,116.6,5.3,100,0,0,1,0
382,1640789107009181,200,44.640583,10.939772,128.2,5.22,100,0,1,0,0
383,1640789107709039,700,44.640563,10.939812,116.2,5.41,100,0,1,0,0
384,1640789108509014,800,44.640546,10.939861,113.6,4.98,100,0,0,1,0
385,1640789108609279,100,5.0,10.939867,114.0,5.04,100,0,0,1,0
386,1640789108708974,100,44.640542,10.939872,114.5,5.01,100,0,0,1,0
387,1640789109208976,500,44.64053,10.939897,115.6,4.28,100,1,0,0,0
388,1640789109609102,400,44.640523,10.939919,114.8,4.83,100,1,0,0,0
389,1640789110509099,900,44.640503,10.939962,119.2,4.76,100,0,0,1,0
390,1640789111408974,900,44.640482,10.940008,124.0,4.77,100,0,0,1,0
391,1640789111908968,500,44.640465,10.940034,132.2,5.47,100,1,0,0,0
392,1640789112708967,800,44.64044,10.940072,132.1,5.52,100,0,0,1,0
393,1640789113309251,600,44.640422,10.940109,123.9,6.05,100,1,0,0,0
394,1640789113409034,100,44.64042,10.940113,123.0,5.54,100,1,0,0,0
395,1640789114109115,700,44.640405,10.940159,120.1,6.05,100,1,0,1,0
396,1640789114309025,200,44.6404,10.94017,118.4,5.25,100,1,0,0,0
397,1640789115009493,700,44.640381,10.940214,120.8,5.88,100,1,0,1,0
398,1640789115208954,200,44.640376,10.94022,121.1,5.22,100,1,0,0,0
399,1640789116009205,800,44.640357,10.940267,119.5,5.47,100,0,0,1,0
400,1640789116208958,200,44.640352,10.940271,127.3,4.6,100,1,0,0,0
401,1640789117108972,900,44.640326,10.94031,129.8,4.5,100,0,0,1,0
402,1640789117308966,200,44.640319,10.940312,145.4,3.97,100,1,1,0,0
403,1640789117809059,500,44.640306,10.940332,132.0,4.25,100,0,1,0,0
404,1640789118709028,900,44.640283,10.940377,123.6,4.79,100,1,0,1,0
405,1640789119609038,900,44.64026,10.940422,129.1,4.85,100,0,0,1,0
406,1640789120309039,700,44.640242,10.940451,130.1,3.88,100,1,0,0,0
407,1640789120809060,500,44.640232,10.940474,126.9,4.41,100,1,0,0,0
408,1640789121209040,400,44.640223,10.940503,123.1,5.02,100,1,0,0,0
409,1640789122009087,800,44.640203,10.940546,122.6,5.25,100,0,0,1,0
410,1640789122809050,800,44.640186,10.940592,119.5,5.06,100,0,0,1,0
411,1640789123609028,800,44.640166,10.940638,124.2,5.29,100,0,0,1,0
412,1640789124109257,500,44.640152,10.940662,129.2,4.62,100,1,0,0,0
413,1640789124909090,800,44.640131,10.940705,124.7,5.16,100,1,0,1,0
414,1640789125708969,800,44.640111,10.940754,122.2,5.13,100,0,0,1,0
415,1640789126309072,600,44.640088,10.940769,158.6,4.32,100,1,1,0,0
416,1640789126409039,100,44.640087,10.940782,132.8,4.8,100,0,1,0,0
417,1640789127109113,700,44.640069,10.940824,123.6,5.35,100,1,0,0,0
418,1640789127908971,800,44.640048,10.940872,121.2,5.78,100,0,0,1,0
419,1640789128109203,200,44.64004,10.940878,133.4,5.17,100,1,1,0,0
420,1640789128709191,600,44.64002,10.940899,141.5,4.64,100,1,0,0,0
421,1640789129108961,400,44.640022,10.940944,120.9,4.92,100,0,1,0,0
422,1640789129609237,500,44.64001,10.940974,121.6,5.52,100,1,0,0,0
423,1640789130409018,800,44.639993,10.941028,119.6,5.83,100,0,0,1,0
424,1640789131209064,800,44.63998,10.94108,120.2,5.45,100,0,0,1,0
425,1640789131309025,100,44.639977,10.941088,121.4,5.97,100,1,0,0,0
426,1640789131908959,600,44.63996,10.941129,118.9,6.51,100,1,0,0,0
427,1640789132009090,100,44.639959,10.941129,122.4,5.17,100,1,0,0,0
428,1640789132809052,800,44.639939,10.941173,121.9,5.19,100,0,0,1,0
429,1640789133109177,300,44.639933,10.941185,123.0,4.32,100,1,0,0,0
430,1640789133809044,700,44.639919,10.941224,117.2,5.19,100,1,0,0,0
431,1640789134609258,800,44.6399,10.941268,120.3,5.29,100,0,0,1,0
432,1640789134708958,100,44.639898,10.941271,124.3,4.62,100,1,0,0,0
433,1640789134809581,100,44.639895,10.94128,120.2,5.3,100,1,0,0,0
434,1640789135609058,800,44.639873,10.941323,122.1,5.45,100,0,0,1,0
435,1640789136508954,900,44.639851,10.94137,122.4,5.26,100,0,0,1,0
436,1640789137309150,800,44.639831,10.941416,125.1,5.27,100,0,0,1,0
437,1640789137608963,300,44.639822,10.94143,129.4,4.69,100,1,0,0,0
438,1640789138209153,600,44.639805,10.941462,126.2,5.28,100,1,0,0,0
439,1640789139009090,800,44.639783,10.941507,124.6,5.35,100,0,0,1,0
440,1640789139809065,800,44.639763,10.941552,122.6,5.29,100,0,0,1,0
441,1640789140609054,800,44.63974,10.941596,123.7,4.95,100,0,0,1,0
442,1640789141409431,800,44.639719,10.941641,122.7,5.07,100,0,0,1,0
443,1640789142309233,900,44.639698,10.941688,122.5,5.06,100,0,0,1,0
444,1640789143208982,900,44.639676,10.941734,124.9,4.85,100,0,0,1,0
445,1640789144009124,800,44.639656,10.94178,120.6,5.25,100,0,0,1,0
446,1640789144809107,800,44.639636,10.941824,122.2,5.33,100,0,0,1,0
447,1640789145308983,500,44.639624,10.941852,126.2,4.81,100,1,0,0,0
448,1640789146209044,900,44.639599,10.941894,128.4,4.85,100,0,0,1,0
449,1640789147010432,800,44.639578,10.941936,125.6,4.95,100,0,0,1,0
450,1640789147809055,800,44.639558,10.94198,126.2,4.95,100,0,0,1,0
451,1640789148609479,800,44.63954,10.942029,119.9,5.45,100,0,0,1,0
452,1640789149409016,800,44.63952,10.942077,123.1,5.24,100,0,0,1,0
453,1640789150209000,800,44.639497,10.942119,125.5,5.08,100,0,0,1,0
454,1640789151009517,800,44.639479,10.942165,118.3,5.08,100,0,0,1,0
455,1640789151909075,900,44.639457,10.942212,124.1,5.22,100,0,0,1,0
456,1640789152809053,900,44.639435,10.942261,122.6,5.31,100,0,0,1,0
457,1640789153509020,700,44.639418,10.942305,120.2,5.99,100,1,0,0,0
458,1640789153609034,100,44.639416,10.942308,124.3,5.14,100,1,0,0,0
459,1640789154009136,400,44.639406,10.942327,124.9,4.55,100,1,0,0,0
460,1640789154209054,200,44.6394,10.942341,123.9,5.44,100,1,0,0,0
461,1640789155009287,800,44.639381,10.942386,119.5,5.05,100,0,0,1,0
462,1640789155209039,200,44.639377,10.942394,126.1,4.49,100,1,0,0,0
463,1640789156109069,900,44.639354,10.942446,121.0,5.0,100,1,0,1,0
464,1640789157009429,900,44.63933,10.942493,121.4,5.25,100,0,0,1,0
465,1640789157809230,800,44.639311,10.942536,120.3,5.25,100,0,0,1,0
466,1640789158509367,700,44.639289,10.942577,123.7,5.59,100,0,0,1,0
467,1640789159208962,700,44.639274,10.942616,123.5,4.99,100,1,0,0,0
468,1640789160109087,900,44.639251,10.942661,125.5,5.17,100,0,0,1,0
469,1640789160908976,800,44.639232,10.942706,122.2,4.97,100,0,0,1,0
470,1640789161809053,900,44.639211,10.94275,131.1,4.95,100,0,0,1,0
471,1640789162009303,200,44.639209,10.942764,120.0,5.08,100,0,1,0,0
472,1640789162809055,800,44.639186,10.942809,126.1,5.39,100,0,0,1,0
473,1640789163108963,300,44.639184,10.942811,119.9,3.87,100,1,0,0,0
474,1640789164108975,1000,44.63916,10.942865,123.0,5.22,100,1,0,1,0
475,1640789164909839,800,44.639139,10.942909,124.5,5.25,100,0,0,1,0
476,1640789165708969,800,44.639117,10.942951,128.2,4.93,100,0,0,1,0
477,1640789166308959,600,44.639102,10.942985,122.5,5.57,100,1,0,0,0
478,1640789166909259,600,44.639087,10.943019,122.7,4.93,100,1,0,0,0
479,1640789167709028,800,44.639067,10.943064,121.8,5.36,100,0,0,1,0
480,1640789168409283,700,44.63905,10.943102,124.3,4.83,100,1,0,0,0
481,1640789169308984,900,44.63903,10.94315,121.2,4.75,100,0,0,1,0
482,1640789170009475,700,44.639013,10.943178,127.3,4.03,100,1,0,0,0
483,1640789171008998,1000,44.638994,10.94322,123.1,3.5,100,1,0,0,0
484,1640789171708985,700,44.638985,10.943246,119.7,2.97,100,1,0,0,0
485,1640789172409114,700,44.638977,10.943267,123.2,2.39,100,1,0,0,0
486,1640789172809094,400,44.638974,10.943279,111.8,2.54,100,0,1,0,0
487,1640789173209028,400,44.638969,10.943292,121.9,2.3,100,0,1,0,0
488,1640789173809272,600,44.638962,10.943303,133.6,1.93,100,0,1,0,0
489,1640789174309382,500,44.638956,10.943313,145.4,1.93,100,0,1,0,0
490,1640789174509740,200,44.638953,10.943315,156.8,1.71,100,0,1,0,0
491,1640789174608964,100,44.638951,10.943314,171.4,1.68,100,0,1,0,0
492,1640789174809064,200,44.638946,10.943315,170.5,2.21,100,1,0,0,0
493,1640789175309168,500,44.638943,10.943326,187.4,2.58,100,0,1,0,0
494,1640789175909074,600,44.638928,10.94332,200.4,3.01,100,0,1,0,0
495,1640789176209199,300,44.638923,10.943326,204.4,3.7,100,1,0,0,0
496,1640789177409097,1200,44.638887,10.943307,203.4,4.12,100,0,0,1,0
497,1640789177908972,500,44.63887,10.943303,190.6,3.96,100,0,1,0,0
498,1640789178309051,400,44.63886,10.943314,175.6,3.93,100,0,1,0,0
499,1640789178509530,200,44.638854,10.943314,174.2,3.4,100,1,0,0,0
500,1640789178909186,400,44.63884,10.943321,161.1,4.11,100,1,1,0,0
501,1640789179309038,400,44.638833,10.943332,159.8,3.59,100,1,0,0,0
502,1640789179508959,200,44.638829,10.943338,145.8,3.43,100,0,1,0,0
503,1640789180209008,700,44.638822,10.94336,129.7,2.84,100,1,1,0,0
504,1640789180509119,300,44.638819,10.943368,118.7,2.78,100,0,1,0,0
505,1640789180909055,400,44.638816,10.943385,106.0,3.42,100,1,1,0,0
506,1640789181109502,200,44.638819,10.943389,92.8,2.99,100,0,1,0,0
507,1640789181309121,200,44.63881,10.943402,118.0,4.14,100,1,1,0,0
508,1640789181809062,500,44.638798,10.94343,119.0,4.74,100,1,0,0,0
509,1640789182209023,400,44.638788,10.943453,123.2,5.29,100,1,0,0,0
510,1640789182509039,300,44.638782,10.943473,118.2,5.84,100,1,0,0,0
511,1640789183109302,600,44.638764,10.943506,123.0,5.16,100,1,0,0,0
512,1640789183508970,400,44.638755,10.943532,120.2,5.75,100,1,0,0,0
513,1640789184109593,600,44.638743,10.943565,121.6,5.23,100,1,0,0,0
514,1640789184409059,300,44.638733,10.943584,124.5,5.88,100,1,0,0,0
515,1640789185108966,700,44.638718,10.943622,118.1,4.97,100,1,0,0,0
516,1640789185209044,100,44.638713,10.943632,120.9,5.74,100,1,0,0,0
517,1640789185909165,700,44.638691,10.943674,125.6,5.96,100,0,0,1,0
518,1640789186109458,200,44.638691,10.943684,116.4,5.28,100,1,0,0,0
519,1640789186909242,800,44.638673,10.94373,117.9,5.19,100,0,0,1,0
520,1640789187709234,800,44.638648,10.943773,120.8,5.25,100,0,0,1,0
521,1640789188609021,900,44.638625,10.943817,122.0,5.42,100,0,0,1,0
522,1640789189009289,400,44.638616,10.943837,120.6,4.69,100,1,0,0,0
523,1640789189909252,900,44.638593,10.943885,123.9,5.13,100,0,0,1,0
524,1640789190309053,400,44.638586,10.943914,121.9,5.97,100,1,0,0,0
525,1640789190808991,500,44.638571,10.943943,128.8,5.45,100,1,0,0,0
526,1640789191309234,500,44.638564,10.943976,115.4,5.5,100,0,1,0,0
527,1640789191609164,300,44.638555,10.943991,126.9,5.21,100,0,1,0,0
528,1640789191709167,100,44.638556,10.943998,111.9,4.96,100,0,1,0,0
529,1640789191909254,200,44.638554,10.944005,113.6,4.13,100,1,0,0,0
530,1640789192408970,500,44.638544,10.944036,117.2,4.68,100,1,0,0,0
531,1640789193209020,800,44.638524,10.944079,121.7,4.87,100,0,0,1,0
532,1640789193510023,300,44.638521,10.944092,117.7,4.22,100,1,0,0,0
533,1640789193609019,100,44.638516,10.9441,121.7,4.83,100,1,0,0,0
534,1640789193709693,100,44.638512,10.944108,120.8,5.41,100,1,0,0,0
535,1640789194109009,400,44.638505,10.944128,124.8,4.81,100,1,0,0,0
536,1640789194409567,300,44.638499,10.944147,117.3,5.34,100,1,0,0,0
537,1640789195109252,700,44.638489,10.944187,119.1,4.63,100,1,0,0,0
538,1640789195309047,200,44.63848,10.944198,127.8,5.18,100,1,0,0,0
539,1640789196109118,800,44.638463,10.94425,119.0,5.0,100,0,0,1,0
540,1640789196408961,300,44.638453,10.944264,129.8,4.98,100,0,1,0,0
541,1640789196708962,300,44.638448,10.944282,118.7,5.17,100,0,1,0,0
542,1640789197509019,800,44.638431,10.944329,116.0,4.84,100,0,0,1,0
543,1640789198108967,600,5.0,10.944361,125.3,5.05,100,0,0,1,0
544,1640789198209023,100,44.638408,10.944367,123.4,5.04,100,0,0,1,0
545,1640789198408969,200,44.638403,10.944381,120.1,5.58,100,1,0,0,0
546,1640789199109444,700,44.638382,10.94441,129.0,4.87,100,1,0,0,0
547,1640789199408970,300,44.638374,10.94443,123.8,5.7,100,1,0,0,0
548,1640789200209025,800,44.638349,10.944474,127.0,5.27,100,0,0,1,0
549,1640789200809057,600,44.638336,10.944509,114.1,5.42,100,0,1,0,0
550,1640789200908971,100,44.638335,10.944518,112.3,6.02,100,1,0,0,0
551,1640789201009682,100,44.638332,10.944522,115.7,5.42,100,1,0,0,0
552,1640789201509136,500,44.638318,10.944551,122.8,4.61,100,1,0,0,0
553,1640789201909112,400,44.638307,10.944574,120.7,5.35,100,1,0,0,0
554,1640789202609023,700,44.638285,10.944615,121.4,5.42,100,0,0,1,0
555,1640789203408961,800,44.638267,10.944657,110.4,4.84,100,1,1,0,0
556,1640789203509082,100,44.638263,10.94466,122.0,4.63,100,0,1,0,0
557,1640789203908977,400,44.638254,10.944684,118.5,5.15,100,1,0,0,0
558,1640789204308967,400,44.638248,10.94471,116.2,4.63,100,1,0,0,0
559,1640789205108963,800,44.638231,10.944753,119.1,5.22,100,1,0,0,0
560,1640789205909532,800,44.638212,10.944797,123.6,5.05,100,0,0,1,0
561,1640789206709307,800,44.638192,10.944842,121.6,5.26,100,0,0,1,0
562,1640789207509217,800,44.638175,10.944889,118.5,5.01,100,0,0,1,0
563,1640789208309208,800,44.638153,10.944936,122.1,5.17,100,0,0,1,0
564,1640789209109555,800,44.638132,10.944982,120.4,5.53,100,0,0,1,0
565,1640789209909032,800,44.638112,10.945026,123.4,5.21,100,0,0,1,0
566,1640789210709021,800,44.638092,10.94507,123.5,5.19,100,0,0,1,0
567,1640789211509267,800,44.638072,10.945116,121.1,5.3,100,0,0,1,0
568,1640789212309377,800,44.638052,10.945161,119.5,5.21,100,0,0,1,0
569,1640789213109201,800,44.638034,10.945207,119.1,5.38,100,0,0,1,0
570,1640789213909121,800,44.638018,10.945254,115.8,5.26,100,0,0,1,0
571,1640789214709026,800,44.637999,10.945301,115.4,5.17,100,0,0,1,0
572,1640789215509076,800,44.63798,10.945346,112.7,5.31,100,0,0,1,0
573,1640789216308962,800,44.637961,10.945394,118.9,5.4,100,0,0,1,0
574,1640789217108973,800,44.637942,10.94544,117.4,5.16,100,0,0,1,0
575,1640789217408971,300,44.637935,10.945459,118.7,5.68,100,1,0,0,0
576,1640789218209050,800,44.637917,10.945508,120.1,5.15,100,1,0,1,0
577,1640789218709118,500,44.637902,10.945537,123.4,5.67,100,1,0,0,0
578,1640789219109026,400,44.637901,10.945562,112.2,4.87,100,1,1,0,0
579,1640789219809056,700,44.637889,10.945605,109.9,5.43,100,1,0,0,0
580,1640789219908964,100,44.63789,10.945609,97.9,4.47,100,1,1,0,0
581,1640789220109253,200,44.637883,10.945624,120.3,4.99,100,1,1,0,0
582,1640789220909668,800,44.637865,10.94567,119.6,5.15,100,0,0,1,0
583,1640789221708970,800,44.637845,10.94571,122.5,4.63,100,1,0,0,0
584,1640789222409141,700,44.637829,10.945734,128.4,4.11,100,1,0,0,0
585,1640789223009433,600,44.637815,10.945766,124.6,4.65,100,1,0,0,0
586,1640789223208981,200,44.637808,10.945779,123.4,5.53,100,1,0,0,0
587,1640789223808990,600,44.637794,10.94581,122.6,5.0,100,1,0,0,0
588,1640789224509074,700,44.637778,10.945853,115.6,5.65,100,1,0,0,0
589,1640789224609118,100,44.637779,10.945858,109.4,5.1,100,1,0,0,0
590,1640789225409031,800,44.637761,10.945906,114.8,5.32,100,0,0,1,0
591,1640789226109091,700,44.637748,10.945942,108.4,4.67,100,1,0,0,0
592,1640789227009219,900,44.637738,10.945997,103.8,4.79,100,0,0,1,0
593,1640789227209426,200,44.637733,10.946013,103.1,5.43,100,1,0,0,0
594,1640789228009803,800,44.637722,10.946062,111.5,5.34,100,0,0,1,0
595,1640789228309257,300,44.637717,10.946079,107.5,4.46,100,1,0,0,0
596,1640789228608965,300,44.637711,10.946097,114.0,5.05,100,1,0,0,0
597,1640789229509177,900,44.637693,10.946148,112.4,5.25,100,0,0,1,0
598,1640789229809092,300,44.637688,10.94616,116.6,4.04,100,1,0,0,0
599,1640789229909073,100,44.637688,10.94617,109.5,4.79,100,1,0,0,0
600,1640789230109462,200,44.637686,10.946174,114.6,4.18,100,1,0,0,0
601,1640789230509592,400,44.637682,10.946192,110.2,3.58,100,1,0,0,0
602,1640789231109020,600,44.637675,10.946229,106.4,4.55,100,1,0,0,0
603,1640789231208979,100,44.637672,10.946239,108.6,5.36,100,1,0,0,0
604,1640789231308955,100,44.637671,10.946244,105.4,4.77,100,1,0,0,0
605,1640789231408967,100,44.637669,10.946252,107.4,5.41,100,1,0,0,0
606,1640789232108975,700,44.637653,10.9463,121.9,5.59,100,0,1,1,0
607,1640789232809070,700,44.63764,10.946349,113.6,5.9,100,0,0,1,0
608,1640789233109444,300,44.637633,10.946357,131.4,5.01,100,1,1,0,0
609,1640789233309054,200,44.637627,10.946372,120.2,5.75,100,1,1,0,0
610,1640789233509026,200,44.637622,10.946382,121.7,5.21,100,1,0,0,0
611,1640789234108947,600,44.637617,10.946416,115.0,4.62,100,1,0,0,0
612,1640789235009356,900,44.637601,10.946466,114.7,4.75,100,0,0,1,0
613,1640789235909206,900,44.637593,10.946516,106.9,4.78,100,0,0,1,0
614,1640789236209015,300,44.637584,10.946544,109.0,5.47,100,1,0,0,0
615,1640789237009061,800,44.637569,10.946593,112.8,5.33,100,0,0,1,0
616,1640789237809216,800,44.637548,10.946638,113.7,5.3,100,0,0,1,0
617,1640789238609151,800,44.637531,10.946688,114.2,5.48,100,0,0,1,0
618,1640789239408959,800,44.637513,10.946737,119.1,5.0,100,0,0,1,0
619,1640789239909024,500,44.637501,10.946769,118.7,5.65,100,1,0,0,0
620,1640789240109019,200,44.637497,10.94678,121.8,5.09,100,1,0,0,0
621,1640789240809194,700,44.637479,10.946822,122.9,5.7,100,1,0,0,0
622,1640789241109256,300,44.637471,10.946837,127.6,5.19,100,1,0,0,0
623,1640789241909047,800,44.63745,10.946881,125.8,4.96,100,0,0,1,0
624,1640789242708963,800,44.637428,10.946924,122.4,5.08,100,0,0,1,0
625,1640789243509174,800,44.637407,10.94697,115.7,5.12,100,0,0,1,0
626,1640789244309266,800,44.637389,10.947015,110.8,5.36,100,0,0,1,0
627,1640789244708962,400,44.63738,10.947034,121.4,4.66,100,1,1,0,0
628,1640789245209103,500,44.637372,10.947064,107.9,5.16,100,0,1,0,0
629,1640789246009284,800,44.63736,10.947114,108.5,5.21,100,0,0,1,0
630,1640789246909071,900,44.637344,10.947166,113.5,5.62,100,0,0,1,0
631,1640789247209568,300,44.637339,10.947182,109.1,5.05,100,1,0,0,0
632,1640789248009412,800,44.637322,10.947228,114.8,5.07,100,0,0,1,0
633,1640789248709250,700,44.637308,10.94727,112.6,5.67,100,1,0,0,0
634,1640789249109244,400,44.637302,10.947285,119.2,4.62,100,1,0,0,0
635,1640789250009227,900,44.637286,10.947337,113.6,5.08,100,0,0,1,0
636,1640789250808990,800,44.637273,10.947387,107.8,4.97,100,0,0,1,0
637,1640789251309416,500,44.637267,10.947415,103.8,4.37,100,1,0,0,0
638,1640789252209038,900,44.637254,10.947468,109.7,5.09,100,1,0,1,0
639,1640789253109023,900,44.637237,10.947523,113.8,5.38,100,0,0,1,0
640,1640789253309076,200,44.63724,10.94754,100.3,5.48,100,0,1,0,0
641,1640789254209102,900,44.637225,10.947591,110.8,5.0,100,0,1,1,0
642,1640789255009393,800,44.63721,10.947642,113.1,5.59,100,1,0,1,0
643,1640789255109443,100,44.637207,10.947642,116.9,4.97,100,1,0,0,0
644,1640789255908967,800,44.637191,10.94769,115.2,5.25,100,0,0,1,0
645,1640789256108963,200,44.637188,10.947692,116.3,4.69,100,1,0,0,0
646,1640789256309025,200,44.637183,10.947695,126.1,3.99,100,1,0,0,0
647,1640789257011026,700,44.637168,10.947729,121.8,4.56,100,1,0,0,0
648,1640789257109294,100,44.637168,10.947741,117.9,5.13,100,1,0,0,0
649,1640789257908968,800,44.637148,10.947789,120.9,5.38,100,0,0,1,0
650,1640789258808994,900,44.637131,10.94784,114.2,5.11,100,0,0,1,0
651,1640789259609317,800,44.637112,10.947886,113.8,5.28,100,0,0,1,0
652,1640789260109446,500,44.637098,10.947909,121.7,4.49,100,1,0,0,0
653,1640789261008992,900,44.63708,10.947956,118.5,4.82,100,0,0,1,0
654,1640789261709024,700,44.637061,10.948003,124.7,5.7,100,1,0,1,0
655,1640789261809080,100,44.637062,10.948008,118.5,5.07,100,1,0,0,0
656,1640789262608961,800,44.637044,10.948052,127.0,4.6,100,0,0,1,0
657,1640789263109145,500,44.637036,10.948089,116.2,4.64,100,0,1,0,0
658,1640789263408972,300,44.637025,10.948096,132.7,4.27,100,0,1,0,0
659,1640789264009512,600,44.637014,10.948114,130.4,3.56,100,1,0,0,0
660,1640789264109183,100,44.637016,10.948122,129.2,2.72,100,1,0,0,0
661,1640789264409032,300,44.637014,10.948127,128.4,1.92,100,1,0,0,0
662,1640789264709018,300,44.637012,10.948132,132.2,1.4,100,1,0,0,0
663,1640789265209067,500,44.637016,10.948143,97.5,1.15,100,0,1,0,0
664,1640789265308996,100,44.637015,10.948144,111.8,1.18,100,0,1,0,0
665,1640789265708988,400,44.637015,10.948146,127.0,0.46,100,1,1,0,0
666,1640789265809105,100,44.637015,10.948147,87.7,0.57,100,0,1,0,0
667,1640789265909025,100,44.637015,10.948148,127.0,0.54,100,0,1,0,0
668,1640789266209057,300,44.637015,10.94815,126.9,0.0,100,1,0,0,0
669,1640789270009327,3800,44.637016,10.948159,189.7,0.6,100,1,1,0,0
670,1640789270109092,100,44.637017,10.948162,126.5,0.54,100,0,1,0,0
671,1640789270608957,500,44.637017,10.948162,126.5,0.0,100,1,0,0,0
672,1640789275609281,5000,44.637023,10.948165,126.5,0.0,100,0,0,0,1
673,1640789280609426,5000,44.637023,10.948165,126.5,0.0,100,0,0,0,1
674,1640789285609025,5000,44.637031,10.948176,126.0,0.0,100,0,0,0,1
675,1640789290609196,5000,44.637026,10.948186,126.0,0.0,100,0,0,0,1
676,1640789295609225,5000,44.637028,10.948188,126.0,0.0,100,0,0,0,1
677,1640789300609017,5000,44.637028,10.948189,126.0,0.0,100,0,0,0,1
678,1640789305609097,5000,44.637028,10.94819,126.0,0.0,100,0,0,0,1
679,1640789306109614,500,44.637027,10.948199,127.3,1.24,100,1,0,0,0
680,1640789306209019,100,44.637024,10.948201,132.7,1.83,100,1,0,0,0
681,1640789306409121,200,44.637022,10.948208,121.9,2.4,100,1,1,0,0
682,1640789307009195,600,44.637012,10.948226,128.7,2.91,100,1,0,0,0
683,1640789307308960,300,44.637004,10.948239,128.7,3.93,100,1,0,0,0
684,1640789308309269,1000,44.636976,10.948273,136.5,4.44,100,1,0,1,0
685,1640789309209267,900,44.636946,10.948304,143.3,4.14,100,0,0,1,0
686,1640789310009864,800,44.636919,10.948323,159.5,4.35,100,0,1,0,0
687,1640789310408963,400,44.636907,10.948326,169.0,3.71,100,1,0,0,0
688,1640789310808980,400,44.63689,10.948328,177.0,4.55,100,1,0,0,0
689,1640789311109079,300,44.636883,10.948323,188.5,3.75,100,1,1,0,0
690,1640789311609022,500,44.636865,10.948311,204.3,4.55,100,1,1,0,0
691,1640789312009323,400,44.636851,10.948297,214.8,4.91,100,0,1,0,0
692,1640789312509020,500,44.636834,10.948281,214.8,5.56,100,1,0,0,0
693,1640789313309038,800,44.636805,10.948251,216.7,5.44,100,0,0,1,0
694,1640789314109457,800,44.636777,10.948217,218.4,5.36,100,0,0,1,0
695,1640789314309030,200,44.636766,10.948209,215.2,6.2,100,1,0,0,0
696,1640789314409117,100,44.636764,10.948206,214.8,5.39,100,1,0,0,0
697,1640789315209026,800,44.636735,10.948173,215.8,5.47,100,0,0,1,0
698,1640789315609034,400,44.63672,10.94816,213.3,4.91,100,1,0,0,0
699,1640789316509048,900,44.636692,10.948126,212.8,5.04,100,0,0,1,0
700,1640789317509017,1000,44.636664,10.948092,220.9,4.66,100,0,0,1,0
701,1640789318409032,900,44.636636,10.948057,223.1,4.97,100,0,0,1,0
702,1640789318709037,300,44.636623,10.948046,213.0,5.36,100,0,1,0,0
703,1640789319609340,900,44.636592,10.948014,213.5,5.72,100,0,0,1,0
704,1640789319909253,300,44.636581,10.948004,213.3,5.07,100,1,0,0,0
705,1640789320709018,800,44.636551,10.947972,212.3,5.48,100,0,0,1,0
706,1640789321108968,400,44.636549,10.947952,225.7,4.65,100,1,1,0,0
707,1640789322009103,900,44.636524,10.947914,226.9,4.53,100,0,0,1,0
708,1640789322109026,100,44.636511,10.947916,215.6,5.1,100,1,1,0,0
709,1640789322308970,200,44.636502,10.947902,221.5,6.25,100,1,0,0,0
710,1640789322408969,100,44.6365,10.947897,223.2,5.32,100,1,0,0,0
711,1640789323208964,800,44.636471,10.947864,217.8,5.11,100,0,0,1,0
712,1640789324009128,800,44.636439,10.947834,212.0,5.66,100,1,0,1,0
713,1640789324108981,100,44.63644,10.947825,221.7,5.05,100,1,0,0,0
714,1640789324909241,800,44.636407,10.947797,209.2,5.36,100,0,1,1,0
715,1640789325209581,300,44.636403,10.947781,223.7,5.06,100,0,1,0,0
716,1640789326109248,900,44.636375,10.947746,214.7,4.66,100,0,0,1,0
717,1640789326309179,200,44.63636,10.947739,206.8,6.01,100,1,0,0,0
718,1640789326809398,500,44.636341,10.947721,215.3,4.86,100,1,0,0,0
719,1640789327709044,900,44.636313,10.947687,216.6,5.06,100,0,0,1,0
720,1640789328208967,500,44.636301,10.947668,226.8,4.45,100,1,1,0,0
721,1640789328508961,300,44.63629,10.947656,221.3,5.04,100,1,0,0,0
722,1640789328808986,300,44.636277,10.94764,222.3,6.04,100,1,0,0,0
723,1640789329108972,300,44.636262,10.947635,213.2,5.5,100,1,0,0,0
724,1640789329909197,800,44.636229,10.94761,209.8,5.21,100,0,0,1,0
725,1640789330509231,600,44.636209,10.947593,216.0,4.7,100,1,0,0,0
726,1640789330708965,200,44.6362,10.947583,216.2,5.34,100,1,0,0,0
727,1640789331009063,300,44.636188,10.947568,220.5,5.86,100,1,0,0,0
728,1640789331109093,100,44.636185,10.947569,220.6,5.21,100,1,0,0,0
729,1640789331909478,800,44.636153,10.947538,217.8,5.07,100,0,0,1,0
730,1640789332209030,300,44.636147,10.947523,223.8,4.52,100,1,0,0,0
731,1640789332609136,400,44.636131,10.947506,218.9,5.3,100,1,0,0,0
732,1640789332909028,300,44.636121,10.947496,216.3,4.74,100,1,0,0,0
733,1640789333109647,200,44.63611,10.947488,216.7,5.27,100,1,0,0,0
734,1640789333908972,800,44.63608,10.947457,214.4,5.26,100,0,0,1,0
735,1640789334708960,800,44.636049,10.947427,215.1,5.45,100,0,0,1,0
736,1640789335009731,300,44.636039,10.947416,217.1,4.8,100,1,0,0,0
737,1640789335309132,300,44.636024,10.947405,216.7,5.31,100,1,0,0,0
738,1640789335509138,200,44.636019,10.947396,227.0,4.76,100,1,1,0,0
739,1640789335909071,400,44.636004,10.947383,216.4,4.67,100,0,1,0,0
740,1640789336708957,800,44.635973,10.947353,220.1,4.95,100,0,0,1,0
741,1640789337509140,800,44.635944,10.947321,216.5,5.08,100,0,0,1,0
742,1640789338309139,800,44.635914,10.947289,217.2,5.09,100,0,0,1,0
743,1640789338709399,400,44.635903,10.947269,229.4,5.05,100,0,1,0,0
744,1640789339009094,300,44.63589,10.947258,218.5,5.15,100,0,1,0,0
745,1640789339808975,800,44.635859,10.947225,219.6,5.2,100,0,0,1,0
746,1640789340609262,800,44.635829,10.947191,220.3,5.22,100,0,0,1,0
747,1640789341409366,800,44.635799,10.94716,219.8,4.95,100,0,0,1,0
748,1640789342209032,800,44.635767,10.947132,215.3,5.12,100,0,0,1,0
749,1640789343009239,800,44.635737,10.947101,215.2,5.09,100,0,0,1,0
750,1640789343909242,900,44.635706,10.947066,217.6,5.11,100,0,0,1,0
751,1640789344708969,800,44.635674,10.947037,214.6,5.04,100,0,0,1,0
752,1640789344909049,200,44.635668,10.947031,215.2,4.03,100,1,0,0,0
753,1640789345009097,100,44.635662,10.947026,214.9,5.01,100,1,0,0,0
754,1640789345809614,800,44.635633,10.946994,218.0,5.17,100,0,0,1,0
755,1640789346609046,800,44.635604,10.946961,216.9,5.41,100,0,0,1,0
756,1640789347109074,500,44.635586,10.946941,216.7,4.83,100,1,0,0,0
757,1640789347909029,800,44.635557,10.94691,213.5,5.03,100,0,0,1,0
758,1640789348709025,800,44.635528,10.946877,217.6,5.22,100,0,0,1,0
759,1640789349009222,300,44.63552,10.946866,221.1,4.58,100,1,0,0,0
760,1640789349109048,100,44.635513,10.946863,215.8,5.24,100,1,0,0,0
761,1640789349909138,800,44.635484,10.94683,220.4,4.88,100,0,0,1,0
762,1640789350209265,300,44.635471,10.946821,215.9,5.41,100,1,0,0,0
763,1640789350909251,700,44.635448,10.946795,219.8,4.68,100,1,0,0,0
764,1640789351509308,600,44.635423,10.946771,214.9,5.22,100,1,0,0,0
765,1640789352309319,800,44.635392,10.946741,217.7,5.14,100,0,0,1,0
766,1640789353109296,800,44.635361,10.946711,220.6,4.9,100,0,0,1,0
767,1640789353909949,800,44.635332,10.946679,216.7,5.07,100,0,0,1,0
768,1640789354708973,800,44.635303,10.946649,214.7,4.94,100,0,0,1,0
769,1640789355508969,800,44.635274,10.946616,219.2,5.18,100,0,0,1,0
770,1640789356409187,900,44.635243,10.946579,219.2,5.18,100,0,0,1,0
771,1640789357209171,800,44.635212,10.946547,218.7,5.18,100,0,0,1,0
772,1640789358010311,800,44.635182,10.946518,214.3,4.86,100,0,0,1,0
773,1640789358509074,500,44.635162,10.946499,214.7,5.39,100,1,0,0,0
774,1640789358609112,100,44.635161,10.946495,221.2,4.71,100,1,0,0,0
775,1640789359409776,800,44.635131,10.946464,218.7,4.81,100,0,0,1,0
776,1640789360209035,800,44.635102,10.946434,216.1,4.94,100,0,0,1,0
777,1640789361008957,800,44.635073,10.946402,217.7,4.89,100,0,0,1,0
778,1640789361109056,100,44.635067,10.946398,218.9,5.42,100,1,0,0,0
779,1640789361908958,800,44.635038,10.946368,217.8,5.03,100,0,0,1,0
780,1640789362709017,800,44.635005,10.946338,217.9,5.23,100,0,0,1,0
781,1640789363509254,800,44.634972,10.946306,218.6,5.46,100,0,0,1,0
782,1640789363908974,400,44.634959,10.94629,218.5,4.95,100,1,0,0,0
783,1640789364809050,900,44.634927,10.94626,218.3,4.59,100,0,0,1,0
784,1640789364909091,100,44.634921,10.946255,214.9,5.28,100,1,0,0,0
785,1640789365709029,800,44.63489,10.946224,214.3,5.12,100,0,0,1,0
786,1640789366509026,800,44.63486,10.946191,219.8,5.1,100,0,0,1,0
787,1640789367309041,800,44.63483,10.946161,217.1,5.13,100,0,0,1,0
788,1640789368109076,800,44.634798,10.94613,214.5,5.22,100,0,0,1,0
789,1640789368909215,800,44.634769,10.946099,219.1,4.94,100,0,0,1,0
790,1640789369709020,800,44.634739,10.946069,218.0,5.07,100,0,0,1,0
791,1640789370510161,800,44.634707,10.946041,211.1,5.13,100,0,0,1,0
792,1640789371409026,900,44.634675,10.94601,214.8,5.17,100,0,0,1,0
793,1640789372209080,800,44.634647,10.945978,222.7,4.9,100,0,0,1,0
794,1640789373009237,800,44.634613,10.945947,213.8,6.21,100,1,0,1,0
795,1640789373109076,100,44.634614,10.945941,219.3,5.28,100,1,0,0,0
796,1640789373909250,800,44.634585,10.945905,223.0,5.39,100,0,0,1,0
797,1640789374508962,600,44.634558,10.945888,207.1,5.65,100,0,1,0,0
798,1640789375009115,500,44.634541,10.945867,216.0,4.91,100,1,0,0,0
799,1640789375508997,500,44.634525,10.945843,212.2,5.42,100,1,0,0,0
800,1640789376108957,600,44.63451,10.945811,234.7,4.95,100,0,1,0,0
801,1640789376309058,200,44.634502,10.945804,220.5,4.86,100,0,1,0,0
802,1640789377109245,800,44.634474,10.945771,218.8,5.1,100,0,0,1,0
803,1640789377909786,800,44.634441,10.94574,219.2,5.47,100,0,0,1,0
804,1640789378308953,400,44.634432,10.945723,243.3,3.95,100,1,1,0,0
805,1640789379109346,800,44.634408,10.945691,222.5,4.5,100,1,1,0,0
806,1640789379408966,300,44.634395,10.945679,218.2,5.12,100,1,0,0,0
807,1640789380208972,800,44.634361,10.945651,216.1,5.13,100,0,0,1,0
808,1640789381108949,900,44.634335,10.945614,222.9,4.44,100,1,0,1,0
809,1640789381208958,100,44.634329,10.945609,218.9,5.36,100,1,0,0,0
810,1640789382009122,800,44.634299,10.945579,216.2,4.84,100,1,0,1,0
811,1640789382209041,200,44.63429,10.94557,215.6,5.42,100,1,0,0,0
812,1640789383009287,800,44.634262,10.945537,219.3,4.92,100,0,0,1,0
813,1640789383408968,400,44.634245,10.945522,217.9,5.45,100,1,0,0,0
814,1640789384209113,800,44.634212,10.945492,222.3,5.01,100,0,0,1,0
815,1640789385009045,800,44.634184,10.945459,217.9,5.15,100,0,0,1,0
816,1640789385309033,300,44.63417,10.94545,222.6,4.64,100,1,0,0,0
817,1640789385909031,600,44.634149,10.945423,222.3,5.26,100,1,0,0,0
818,1640789386709027,800,44.634118,10.945392,216.3,5.16,100,0,0,1,0
819,1640789387509134,800,44.634085,10.945362,215.7,5.17,100,0,0,1,0
820,1640789388309081,800,44.634052,10.94533,217.6,5.24,100,0,0,1,0
821,1640789389109054,800,44.63402,10.945298,214.2,5.39,100,0,0,1,0
822,1640789389909262,800,44.633989,10.945267,216.8,5.37,100,0,0,1,0
823,1640789390709027,800,44.633959,10.945237,213.4,4.97,100,0,0,1,0
824,1640789391409078,700,44.633929,10.945211,211.3,5.48,100,1,0,0,0
825,1640789391509187,100,44.63393,10.945205,231.9,4.51,100,1,1,0,0
826,1640789392109452,600,44.633905,10.945181,215.3,5.65,100,1,1,0,0
827,1640789392408959,300,44.633895,10.945171,214.4,4.71,100,1,0,0,0
828,1640789393009498,600,44.633873,10.945148,216.0,5.29,100,1,0,0,0
829,1640789393808993,800,44.633846,10.945112,224.7,5.08,100,0,0,1,0
830,1640789394109077,300,44.633843,10.945103,223.6,4.09,100,1,0,0,0
831,1640789394208960,100,44.633839,10.945097,227.8,5.08,100,1,0,0,0
832,1640789394809038,600,44.633818,10.945074,215.4,4.78,100,0,1,0,0
833,1640789395109020,300,44.633811,10.945061,226.6,4.75,100,0,1,0,0
834,1640789395308969,200,44.633802,10.945051,224.2,5.32,100,1,0,0,0
835,1640789395609456,300,44.633793,10.94504,221.1,4.64,100,1,0,0,0
836,1640789396509069,900,44.633761,10.945008,215.4,4.99,100,0,0,1,0
837,1640789396809055,300,44.633752,10.944998,216.5,4.44,100,1,0,0,0
838,1640789397009567,200,44.633742,10.944989,215.7,5.45,100,1,0,0,0
839,1640789397709019,700,44.633712,10.944959,219.5,5.17,100,0,0,1,0
840,1640789398509019,800,44.633681,10.944933,219.8,4.98,100,0,0,1,0
841,1640789398609015,100,44.633676,10.944928,217.7,5.65,100,1,0,0,0
842,1640789398809261,200,44.63367,10.944919,223.9,4.86,100,1,0,0,0
843,1640789399009396,200,44.633661,10.94491,222.1,5.54,100,1,0,0,0
844,1640789399208974,200,44.633651,10.944898,223.0,6.66,100,1,0,0,0
845,1640789399608981,400,44.633639,10.94488,225.7,5.09,100,1,0,0,0
846,1640789400408960,800,44.633605,10.944851,204.6,5.9,100,1,1,1,0
847,1640789401108959,700,44.63358,10.944828,214.3,4.91,100,1,0,0,0
848,1640789402009130,900,44.633551,10.944797,215.7,4.49,100,0,0,1,0
849,1640789402209194,200,44.633538,10.944789,216.8,5.64,100,1,0,0,0
850,1640789403009246,800,44.63351,10.944754,218.7,5.32,100,0,0,1,0
851,1640789403909200,900,44.633479,10.944721,216.0,5.36,100,0,0,1,0
852,1640789404709038,800,44.633446,10.944689,212.6,5.36,100,0,0,1,0
853,1640789404809054,100,44.633444,10.944687,215.4,4.83,100,1,0,0,0
854,1640789405408970,600,44.63342,10.94466,221.7,5.38,100,1,0,0,0
855,1640789406009623,600,44.633394,10.944634,216.8,5.89,100,1,0,0,0
856,1640789406109379,100,44.633394,10.944632,217.4,5.37,100,1,0,0,0
857,1640789406708962,600,44.633372,10.94461,214.2,4.86,100,1,0,0,0
858,1640789407509170,800,44.633344,10.944578,215.3,5.32,100,0,0,1,0
859,1640789408309032,800,44.633314,10.944548,215.5,5.05,100,0,0,1,0
860,1640789409208999,900,44.633283,10.944512,217.5,4.99,100,0,0,1,0
861,1640789410009478,800,44.633251,10.944477,219.4,6.03,100,1,0,1,0
862,1640789410309049,300,44.633238,10.944467,214.2,4.94,100,1,0,0,0
863,1640789411109280,800,44.633208,10.944437,213.7,4.95,100,0,0,1,0
864,1640789411909699,800,44.63318,10.944404,219.4,4.89,100,0,0,1,0
865,1640789412209027,300,44.633166,10.94439,217.3,5.4,100,1,0,0,0
866,1640789413010472,800,44.633135,10.944358,215.8,5.59,100,0,0,1,0
867,1640789413309032,300,44.633125,10.944343,220.7,5.08,100,1,0,0,0
868,1640789413909189,600,44.633101,10.944324,209.9,4.97,100,0,1,0,0
869,1640789414308977,400,44.633087,10.944306,220.9,4.87,100,0,1,0,0
870,1640789415209018,900,44.633056,10.944269,220.4,4.9,100,0,0,1,0
871,1640789416009561,800,44.633024,10.944241,207.5,4.92,100,0,1,1,0
872,1640789416309320,300,44.633014,10.944226,213.6,5.58,100,1,0,0,0
873,1640789417109456,800,44.632987,10.944195,219.6,4.77,100,1,0,0,0
874,1640789417509017,400,44.632969,10.944179,218.0,5.76,100,1,0,0,0
875,1640789418109083,600,44.632958,10.944154,223.6,4.9,100,1,0,0,0
876,1640789418609020,500,44.632936,10.944134,214.5,5.46,100,1,0,0,0
877,1640789419109454,500,44.632923,10.944111,227.2,5.24,100,0,1,0,0
878,1640789419909244,800,44.632897,10.944076,224.7,5.12,100,0,0,1,0
879,1640789420709501,800,44.632865,10.944046,217.8,5.16,100,0,0,1,0
880,1640789421509586,800,44.632835,10.944013,217.7,5.12,100,0,0,1,0
881,1640789422109021,600,44.632818,10.94399,220.4,4.55,100,1,0,0,0
882,1640789423009189,900,44.63279,10.943953,225.0,4.56,100,0,0,1,0
883,1640789423308969,300,44.632778,10.943943,213.2,5.27,100,1,1,0,0
884,1640789423709026,400,44.632766,10.943924,223.5,4.93,100,0,1,0,0
885,1640789424509017,800,44.632736,10.943893,219.7,4.92,100,0,0,1,0
886,1640789425109089,600,44.632724,10.94387,226.2,4.26,100,1,0,0,0
887,1640789425509025,400,44.63271,10.943853,221.7,4.96,100,1,0,0,0
888,1640789426009742,500,44.632694,10.943833,236.9,4.25,100,1,1,0,0
889,1640789426109652,100,44.632685,10.943833,222.8,4.71,100,0,1,0,0
890,1640789426509007,400,44.63267,10.943818,218.9,5.23,100,1,0,0,0
891,1640789427309722,800,44.632639,10.943786,215.0,5.82,100,1,0,1,0
892,1640789427509146,200,44.632632,10.943779,216.4,5.31,100,1,0,0,0
893,1640789428308970,800,44.6326,10.943751,214.6,5.11,100,0,0,1,0
894,1640789429108959,800,44.632568,10.943719,218.8,5.3,100,0,0,1,0
895,1640789429909084,800,44.632537,10.943688,217.6,5.16,100,0,0,1,0
896,1640789430608971,700,44.63251,10.943658,225.5,5.75,100,1,0,0,0
897,1640789431109245,500,44.632489,10.943642,215.2,4.61,100,1,1,0,0
898,1640789432009243,900,44.632458,10.943611,217.0,4.64,100,0,0,1,0
899,1640789432309086,300,44.632443,10.943594,219.7,5.54,100,1,0,0,0
900,1640789432609035,300,44.632434,10.943582,222.7,4.8,100,1,0,0,0
901,1640789433509068,900,44.632402,10.943548,217.2,5.12,100,0,0,1,0
902,1640789434308959,800,44.63237,10.943516,218.5,5.22,100,0,0,1,0
903,1640789434408977,100,44.632367,10.943509,224.2,5.81,100,1,0,0,0
904,1640789434609115,200,44.632359,10.943503,216.4,5.06,100,1,0,0,0
905,1640789435009073,400,44.632341,10.943488,209.9,5.68,100,1,0,0,0
906,1640789435109457,100,44.632341,10.943484,217.2,4.86,100,1,0,0,0
907,1640789436010447,900,44.632311,10.94345,221.2,4.85,100,0,0,1,0
908,1640789436909124,900,44.63228,10.943414,225.3,4.97,100,0,0,1,0
909,1640789437109228,200,44.632273,10.943409,223.7,4.42,100,1,0,0,0
910,1640789438009170,900,44.632246,10.943373,224.1,4.45,100,0,0,1,0
911,1640789438509336,500,44.632226,10.943357,213.9,4.78,100,0,1,0,0
912,1640789439408960,900,44.63219,10.943331,208.1,4.83,100,0,0,1,0
913,1640789440209157,800,44.632154,10.943306,207.7,5.27,100,0,0,1,0
914,1640789440709147,500,44.632133,10.943286,213.4,5.8,100,1,0,0,0
915,1640789441109374,400,44.632125,10.943277,223.5,4.15,100,1,1,0,0
916,1640789441209496,100,44.632119,10.943272,219.2,4.92,100,1,0,0,0
917,1640789441309070,100,44.632115,10.943266,221.9,5.45,100,1,0,0,0
918,1640789442109088,800,44.632082,10.943237,217.5,5.5,100,0,0,1,0
919,1640789442508957,400,44.632068,10.943222,216.0,4.99,100,1,0,0,0
920,1640789443409016,900,44.632038,10.943187,221.6,4.75,100,0,0,1,0
921,1640789443609118,200,44.632029,10.943178,219.1,5.3,100,1,0,0,0
922,1640789444409069,800,44.631997,10.943149,216.7,5.15,100,0,0,1,0
923,1640789444609022,200,44.631988,10.943138,218.5,5.85,100,1,0,0,0
924,1640789445108972,500,44.631971,10.943119,220.6,5.07,100,1,0,0,0
925,1640789446009573,900,44.631938,10.943088,212.5,4.8,100,0,0,1,0
926,1640789446409026,400,44.631921,10.943074,213.5,5.54,100,1,0,0,0
927,1640789447209232,800,44.631897,10.94304,226.9,4.61,100,1,1,0,0
928,1640789447609012,400,44.631884,10.943022,225.0,5.29,100,1,0,0,0
929,1640789447709287,100,44.631881,10.94302,222.1,4.55,100,1,0,0,0
930,1640789448109461,400,44.631875,10.943004,236.9,4.16,100,0,1,0,0
931,1640789448608962,500,44.63186,10.942983,225.9,4.58,100,0,1,0,0
932,1640789449309054,700,44.631835,10.94295,225.3,5.16,100,1,0,0,0
933,1640789449509016,200,44.631826,10.942944,211.0,5.23,100,0,1,0,0
934,1640789450109185,600,44.631802,10.942921,220.5,4.67,100,1,0,0,0
935,1640789450609031,500,44.631784,10.942899,220.2,5.37,100,1,0,0,0
936,1640789451109237,500,44.631772,10.942883,222.5,4.42,100,1,0,0,0
937,1640789451509019,400,44.631755,10.942868,216.9,5.02,100,1,0,0,0
938,1640789451709051,200,44.63175,10.942862,215.8,4.37,100,1,0,0,0
939,1640789451909238,200,44.63174,10.942853,216.4,5.27,100,1,0,0,0
940,1640789452409075,500,44.631717,10.942832,210.2,6.86,100,1,0,0,0
941,1640789452509028,100,44.631712,10.94283,205.9,6.18,100,1,0,0,0
942,1640789452609189,100,44.631706,10.942826,206.1,6.73,100,1,0,0,0
943,1640789452909256,300,44.631691,10.94282,198.3,5.89,100,1,0,0,0
944,1640789453109457,200,44.631691,10.942807,212.2,5.0,100,1,1,0,0
945,1640789453908978,800,44.631662,10.942775,220.4,5.05,100,0,0,1,0
946,1640789454709067,800,44.63163,10.942745,216.6,5.13,100,0,0,1,0
947,1640789455108981,400,44.631611,10.94273,216.2,5.69,100,1,0,0,0
948,1640789455208971,100,44.63161,10.942728,214.1,4.58,100,1,0,0,0
949,1640789455408964,200,44.631604,10.942718,223.1,5.22,100,1,0,0,0
950,1640789455608978,200,44.631598,10.942709,224.1,4.69,100,1,0,0,0
951,1640789456208966,600,44.631575,10.942683,221.5,5.31,100,1,0,0,0
952,1640789457009526,800,44.631544,10.942651,217.8,5.27,100,0,0,1,0
953,1640789457109238,100,44.63155,10.94264,234.4,4.6,100,1,1,0,0
954,1640789457309165,200,44.631543,10.942633,223.7,4.58,100,0,1,0,0
955,1640789457909262,600,44.63152,10.942611,216.9,5.25,100,1,0,0,0
956,1640789458009102,100,44.631519,10.942608,222.2,3.97,100,1,0,0,0
957,1640789458109249,100,44.631513,10.942602,211.7,5.48,100,1,1,0,0
958,1640789458809059,700,44.631488,10.942573,220.4,4.71,100,1,0,0,0
959,1640789458909660,100,44.631483,10.942569,217.6,5.44,100,1,0,0,0
960,1640789459408972,500,44.631463,10.942543,219.6,5.99,100,1,0,0,0
961,1640789460109511,700,44.631448,10.942515,222.8,4.49,100,1,0,0,0
962,1640789460609236,500,44.631437,10.942489,236.0,4.79,100,0,1,0,0
963,1640789461308973,700,44.631421,10.942458,231.9,4.28,100,1,0,0,0
964,1640789461808980,500,44.631403,10.942439,219.0,4.77,100,0,1,0,0
965,1640789462309017,500,44.631382,10.942419,215.4,5.48,100,1,0,0,0
966,1640789462409024,100,44.631382,10.942414,231.3,4.79,100,1,1,0,0
967,1640789462709040,300,44.631369,10.942403,217.9,5.28,100,0,1,0,0
968,1640789463009408,300,44.631361,10.94239,222.3,4.69,100,1,0,0,0
969,1640789463109664,100,44.631363,10.942382,233.2,4.24,100,0,1,0,0
970,1640789463409026,300,44.63135,10.942371,223.5,4.75,100,1,0,0,0
971,1640789464009088,600,44.631331,10.942351,218.0,4.19,100,1,0,0,0
972,1640789464109161,100,44.631329,10.942345,220.8,4.81,100,1,0,0,0
973,1640789465009185,900,44.631296,10.94231,205.1,6.04,100,1,1,1,0
974,1640789465109439,100,44.631297,10.942303,223.7,4.81,100,1,1,0,0
975,1640789465309198,200,44.631286,10.942297,212.1,5.4,100,1,1,0,0
976,1640789465409041,100,44.631285,10.942293,221.5,4.5,100,1,0,0,0
977,1640789465709021,300,44.631271,10.942283,212.3,5.14,100,1,0,0,0
978,1640789465909577,200,44.631266,10.942272,223.8,5.09,100,0,1,0,0
979,1640789466609020,700,44.631233,10.942249,212.4,5.36,100,0,1,1,0
980,1640789466909087,300,44.631224,10.942237,214.6,4.83,100,1,0,0,0
981,1640789467609029,700,44.631195,10.942211,226.3,5.0,100,0,1,0,0
982,1640789468308962,700,44.631167,10.942189,219.8,4.45,100,1,0,0,0
983,1640789469109107,800,44.631126,10.942163,213.7,5.52,100,1,0,1,0
984,1640789469909527,800,44.631096,10.942127,221.1,5.42,100,0,0,1,0
985,1640789470608961,700,44.631061,10.942107,213.9,5.53,100,0,0,1,0
986,1640789471409071,800,44.631029,10.942075,220.0,5.3,100,0,0,1,0
987,1640789471609190,200,44.631023,10.942069,217.3,4.47,100,1,0,0,0
988,1640789472409039,800,44.630992,10.94204,212.6,4.6,100,0,0,1,0
989,1640789473309000,900,44.630958,10.942008,217.9,5.16,100,1,0,1,0
990,1640789474108970,800,44.630927,10.941974,219.0,5.4,100,0,0,1,0
991,1640789474309188,200,44.630919,10.941963,223.9,5.94,100,1,0,0,0
992,1640789475109449,800,44.630885,10.941933,220.7,5.34,100,1,0,1,0
993,1640789475308960,200,44.63088,10.941928,219.3,4.59,100,1,0,0,0
994,1640789476108957,800,44.630848,10.941895,220.1,4.97,100,0,0,1,0
995,1640789476909082,800,44.630819,10.941864,220.0,5.07,100,0,0,1,0
996,1640789477309038,400,44.630798,10.941854,205.9,5.3,100,0,1,0,0
997,1640789477709018,400,44.630779,10.941839,210.2,5.89,100,1,0,0,0
998,1640789478109238,400,44.630762,10.941826,210.9,4.89,100,1,0,0,0
999,1640789478209125,100,44.630755,10.941824,208.3,5.42,100,1,0,0,0
1000,1640789478309025,100,44.630753,10.941821,208.3,4.83,100,1,0,0,0
1001,1640789479109226,800,44.630719,10.941796,208.9,4.69,100,0,0,1,0
1002,1640789479808984,700,44.630692,10.941772,211.6,5.22,100,1,0,0,0
1003,1640789480109238,300,44.630679,10.941764,214.0,4.68,100,1,0,0,0
1004,1640789480608966,500,44.630665,10.94175,218.6,3.71,100,1,0,0,0
1005,1640789481009091,400,44.630652,10.941741,208.1,3.98,100,0,1,0,0
1006,1640789481208963,200,44.630641,10.941741,195.7,3.84,100,0,1,0,0
1007,1640789481709093,500,44.630625,10.94174,177.5,3.22,100,1,1,0,0
1008,1640789482309109,600,44.630599,10.941743,169.5,3.74,100,1,0,0,0
1009,1640789482908987,600,44.63058,10.941754,159.2,3.75,100,0,1,0,0
1010,1640789483009267,100,44.630578,10.941755,159.0,3.15,100,1,0,0,0
1011,1640789483209044,200,44.630559,10.941757,155.1,4.58,100,1,0,0,0
1012,1640789484109440,900,44.630519,10.94178,147.5,4.71,100,0,0,1,0
1013,1640789484509248,400,44.630504,10.941796,142.8,5.32,100,1,0,0,0
1014,1640789485209244,700,44.630471,10.941828,137.3,5.53,100,0,0,1,0
1015,1640789486009676,800,44.630441,10.941864,140.4,5.63,100,0,0,1,0
1016,1640789486708962,700,44.630408,10.941892,142.7,5.31,100,0,0,1,0
1017,1640789487408960,700,44.630375,10.941918,146.3,5.56,100,0,0,1,0
1018,1640789488109067,700,44.630343,10.941947,143.1,5.46,100,0,0,1,0
1019,1640789488909392,800,44.630313,10.94198,140.6,5.27,100,0,0,1,0
1020,1640789489709129,800,44.630283,10.942011,139.8,5.08,100,0,0,1,0
1021,1640789490509023,800,44.630252,10.942038,144.0,4.9,100,0,0,1,0
1022,1640789490909377,400,44.630239,10.942061,130.9,5.57,100,1,1,0,0
1023,1640789491709039,800,44.630206,10.94209,140.0,5.16,100,0,0,1,0
1024,1640789492509041,800,44.630177,10.94212,138.0,4.97,100,0,0,1,0
1025,1640789493309104,800,44.630148,10.942153,137.3,4.97,100,0,0,1,0
1026,1640789493909344,600,44.630132,10.942172,140.2,3.35,100,1,0,0,0
1027,1640789494209252,300,44.630125,10.942175,145.2,2.82,100,1,0,0,0
1028,1640789494709031,500,44.630116,10.942188,135.1,2.75,100,0,1,0,0
1029,1640789495109079,400,44.630107,10.942189,147.0,2.29,100,0,1,0,0
1030,1640789495509027,400,44.630101,10.9422,133.9,2.64,100,0,1,0,0
1031,1640789496011070,500,44.63009,10.942215,135.8,3.28,100,1,0,0,0
1032,1640789496609227,600,44.630071,10.942232,144.3,3.81,100,1,0,0,0
1033,1640789497608975,1000,44.630037,10.942257,150.1,4.06,100,0,0,1,0
1034,1640789498309197,700,44.630012,10.942282,141.5,4.9,100,1,0,0,0
1035,1640789499009053,700,44.629987,10.942316,136.3,5.57,100,1,0,0,0
1036,1640789499608973,600,44.629966,10.942339,134.1,4.91,100,1,0,0,0
1037,1640789500309216,700,44.629939,10.942372,133.9,5.43,100,1,0,0,0
1038,1640789501109359,800,44.629911,10.942417,127.6,5.22,100,0,0,1,0
1039,1640789501909081,800,44.629887,10.942455,132.5,4.93,100,0,0,1,0
1040,1640789502709029,800,44.629859,10.942492,132.7,5.15,100,0,0,1,0
1041,1640789503509027,800,44.629836,10.942535,126.9,5.19,100,0,0,1,0
1042,1640789504309022,800,44.629812,10.942576,124.9,4.88,100,0,0,1,0
1043,1640789504809055,500,44.629799,10.942606,122.1,5.49,100,1,0,0,0
1044,1640789505408969,600,44.629782,10.94264,122.4,4.92,100,1,0,0,0
1045,1640789506209170,800,44.629761,10.942685,121.4,5.1,100,0,0,1,0
1046,1640789507009090,800,44.62974,10.942727,124.5,5.12,100,0,0,1,0
1047,1640789507808992,800,44.629718,10.94277,125.0,5.05,100,0,0,1,0
1048,1640789508608975,800,44.629694,10.942811,123.7,5.26,100,0,0,1,0
1049,1640789509209087,600,44.629675,10.942837,129.7,4.69,100,1,0,0,0
1050,1640789510109254,900,44.629649,10.942883,128.0,5.05,100,0,0,1,0
1051,1640789510909464,800,44.629629,10.942927,123.6,5.33,100,0,0,1,0
1052,1640789511509195,600,44.629612,10.942959,124.6,4.59,100,1,0,0,0
1053,1640789511708965,200,44.629607,10.942971,123.4,5.13,100,1,0,0,0
1054,1640789511909252,200,44.629602,10.94298,123.9,4.53,100,1,0,0,0
1055,1640789512309086,400,44.62959,10.943006,119.7,5.24,100,1,0,0,0
1056,1640789513109570,800,44.62957,10.943049,116.4,5.47,100,0,0,1,0
1057,1640789513909118,800,44.629552,10.943097,115.3,5.31,100,0,0,1,0
1058,1640789514009055,100,44.629551,10.943101,116.0,4.73,100,1,0,0,0
1059,1640789514309071,300,44.62954,10.94311,127.0,4.39,100,0,1,0,0
1060,1640789514609366,300,44.629532,10.943129,122.1,5.27,100,1,0,0,0
1061,1640789515508989,900,44.629512,10.943176,122.3,5.17,100,0,0,1,0
1062,1640789516409029,900,44.629492,10.943221,121.5,4.88,100,0,0,1,0
1063,1640789517009102,600,44.629479,10.943258,115.6,5.42,100,1,0,0,0
1064,1640789517209116,200,44.629474,10.943265,118.4,4.9,100,1,0,0,0
1065,1640789518009726,800,44.629458,10.943312,113.3,5.08,100,0,0,1,0
1066,1640789518908978,900,44.629437,10.943361,116.4,5.23,100,0,0,1,0
1067,1640789519709130,800,44.629417,10.943405,120.4,4.99,100,0,0,1,0
1068,1640789520509331,800,44.629398,10.943451,116.9,4.84,100,0,0,1,0
1069,1640789520809058,300,44.629391,10.943469,119.9,5.42,100,1,0,0,0
1070,1640789521209018,400,44.62938,10.94349,126.4,4.73,100,1,0,0,0
1071,1640789522009102,800,44.629362,10.943535,118.9,5.29,100,1,0,1,0
1072,1640789522309077,300,44.629351,10.943546,124.8,4.6,100,1,0,0,0
1073,1640789522909414,600,44.629338,10.943583,119.3,5.3,100,1,0,0,0
1074,1640789523808988,900,44.629316,10.94363,121.0,5.14,100,0,0,1,0
1075,1640789524708966,900,44.629297,10.943681,114.2,5.3,100,0,0,1,0
1076,1640789525609101,900,44.62928,10.943732,114.1,5.12,100,0,0,1,0
1077,1640789526009455,400,44.629274,10.943752,114.5,4.49,100,1,0,0,0
1078,1640789526908982,900,44.629256,10.943799,115.1,4.68,100,0,0,1,0
1079,1640789527809049,900,44.629237,10.943843,117.6,4.98,100,0,0,1,0
1080,1640789528309027,500,44.629227,10.943865,116.0,4.24,100,1,0,0,0
1081,1640789528809210,500,44.629216,10.943892,122.7,5.21,100,1,0,0,0
1082,1640789529609019,800,44.629194,10.943938,123.9,5.44,100,0,0,1,0
1083,1640789530408981,800,44.629172,10.943985,119.4,5.23,100,0,0,1,0
1084,1640789530509018,100,44.629168,10.943993,121.6,5.82,100,1,0,0,0
1085,1640789530609017,100,44.629167,10.943997,120.4,5.13,100,1,0,0,0
1086,1640789531409224,800,44.629148,10.944042,119.2,4.96,100,0,0,1,0
1087,1640789531809068,400,44.629138,10.944067,120.1,5.48,100,1,0,0,0
1088,1640789532608960,800,44.62912,10.944114,118.9,5.24,100,0,0,1,0
1089,1640789532808980,200,44.629117,10.944125,114.7,4.66,100,1,0,0,0
1090,1640789533109237,300,44.629107,10.944139,120.0,5.23,100,1,0,0,0
1091,1640789533909097,800,44.629092,10.944189,110.0,5.59,100,0,0,1,0
1092,1640789534309396,400,44.629083,10.944209,114.9,4.97,100,1,0,0,0
1093,1640789534408956,100,44.62908,10.944217,115.1,5.79,100,1,0,0,0
1094,1640789534808980,400,44.629071,10.94424,118.4,4.9,100,1,0,0,0
1095,1640789535009227,200,44.629065,10.944249,129.3,5.08,100,0,1,0,0
1096,1640789535409073,400,44.629058,10.944269,117.9,4.61,100,0,1,0,0
1097,1640789535608976,200,44.629052,10.944281,120.9,5.3,100,1,0,0,0
1098,1640789536409021,800,44.629034,10.944326,118.3,4.92,100,0,0,1,0
1099,1640789537209369,800,44.629018,10.944373,117.7,4.83,100,0,0,1,0
1100,1640789538009311,800,44.629001,10.944419,118.7,5.09,100,0,0,1,0
1101,1640789538809005,800,44.628981,10.944464,121.4,5.11,100,0,0,1,0
1102,1640789539609431,800,44.628965,10.944515,121.0,5.01,100,0,0,1,0
1103,1640789540509160,900,44.628944,10.944562,122.9,4.97,100,0,0,1,0
1104,1640789541309023,800,44.628926,10.944608,122.0,5.23,100,0,0,1,0
1105,1640789542109240,800,44.628906,10.944654,120.6,5.24,100,0,0,1,0
1106,1640789542908969,800,44.628884,10.944697,124.9,5.26,100,0,0,1,0
1107,1640789543208968,300,44.62887,10.944701,143.7,4.47,100,1,1,0,0
1108,1640789543508962,300,44.628861,10.944716,136.5,5.01,100,1,0,0,0
1109,1640789544109656,600,44.628847,10.944752,125.1,5.14,100,0,1,0,0
1110,1640789545009899,900,44.628824,10.944798,123.4,4.97,100,0,0,1,0
1111,1640789545309156,300,44.628815,10.944815,138.0,5.14,100,0,1,0,0
1112,1640789545709023,400,44.628805,10.944836,127.4,4.85,100,0,1,0,0
1113,1640789546609030,900,44.628785,10.944882,119.9,4.81,100,0,0,1,0
1114,1640789547109037,500,44.628767,10.944907,130.1,5.27,100,0,1,0,0
1115,1640789547908972,800,44.628743,10.944947,128.2,5.08,100,0,0,1,0
1116,1640789548409027,500,44.628732,10.944978,117.4,5.21,100,0,1,0,0
1117,1640789549008974,600,44.628717,10.945017,118.9,5.88,100,1,0,0,0
1118,1640789549108958,100,44.628714,10.94502,124.5,5.2,100,1,0,0,0
1119,1640789549908964,800,44.628692,10.945055,131.8,4.63,100,1,0,0,0
1120,1640789550308962,400,44.628682,10.945083,121.2,5.06,100,0,1,0,0
1121,1640789551109443,800,44.628658,10.945123,127.3,5.16,100,0,0,1,0
1122,1640789551909087,800,44.628635,10.945167,130.3,5.18,100,0,0,1,0
1123,1640789552309182,400,44.628624,10.945183,135.8,4.56,100,1,0,0,0
1124,1640789552909119,600,44.628608,10.945213,124.7,5.13,100,1,1,0,0
1125,1640789553208975,300,44.628604,10.94523,125.0,4.56,100,1,0,0,0
1126,1640789553309027,100,44.6286,10.945239,124.7,5.37,100,1,0,0,0
1127,1640789553509074,200,44.628595,10.945249,124.5,4.82,100,1,0,0,0
1128,1640789554109027,600,44.62858,10.945283,125.9,5.59,100,1,0,0,0
1129,1640789554308970,200,44.628577,10.945292,124.3,4.62,100,1,0,0,0
1130,1640789554709023,400,44.628565,10.945315,124.3,5.6,100,1,0,0,0
1131,1640789555110001,400,44.628552,10.945331,134.2,4.98,100,1,0,0,0
1132,1640789555909222,800,44.62853,10.945371,125.8,5.23,100,0,0,1,0
1133,1640789556709506,800,44.628506,10.945412,131.6,5.37,100,0,0,1,0
1134,1640789557509021,800,44.628484,10.945453,122.7,4.95,100,0,0,1,0
1135,1640789558409626,900,44.628462,10.945501,120.4,5.41,100,0,0,1,0
1136,1640789559209314,800,44.62844,10.945543,125.2,5.19,100,0,0,1,0
1137,1640789560010162,800,44.628416,10.945585,128.3,5.38,100,0,0,1,0
1138,1640789560809067,800,44.628394,10.945629,127.3,5.12,100,0,0,1,0
1139,1640789561609025,800,44.628373,10.945675,123.9,5.04,100,0,0,1,0
1140,1640789562409121,800,44.628351,10.945719,122.0,5.24,100,0,0,1,0
1141,1640789563209178,800,44.628331,10.945758,126.8,4.57,100,1,0,0,0
1142,1640789564109456,900,44.62831,10.945803,125.1,4.31,100,0,0,1,0
1143,1640789564809248,700,44.628292,10.945829,135.8,3.73,100,1,1,0,0
1144,1640789565009150,200,44.628286,10.945838,132.7,4.27,100,1,0,0,0
1145,1640789566009050,1000,44.628261,10.945881,131.9,4.18,100,0,0,1,0
1146,1640789566409327,400,44.628251,10.945903,127.7,4.79,100,1,0,0,0
1147,1640789566909112,500,44.628239,10.945925,131.0,4.28,100,1,0,0,0
1148,1640789567809025,900,44.628216,10.945965,128.1,4.62,100,0,0,1,0
1149,1640789568609317,800,44.628197,10.946009,121.1,5.09,100,0,0,1,0
1150,1640789569408975,800,44.628175,10.946054,121.8,5.3,100,0,0,1,0
1151,1640789570208962,800,44.628152,10.946098,129.0,5.18,100,0,0,1,0
1152,1640789571011364,800,44.62813,10.946141,125.0,5.47,100,0,0,1,0
1153,1640789571809294,800,44.628104,10.946181,127.4,5.38,100,0,0,1,0
1154,1640789572609179,800,44.628077,10.946219,133.5,5.15,100,0,0,1,0
1155,1640789573408968,800,44.628054,10.946261,129.1,5.35,100,0,0,1,0
1156,1640789574209021,800,44.62803,10.946303,127.2,5.14,100,0,0,1,0
1157,1640789575009505,800,44.628005,10.946341,133.4,5.12,100,0,0,1,0
1158,1640789575809048,800,44.627979,10.94638,132.4,5.03,100,0,0,1,0
1159,1640789576609039,800,44.627953,10.946417,138.4,5.09,100,0,0,1,0
1160,1640789577409465,800,44.627927,10.946455,134.1,5.17,100,0,0,1,0
1161,1640789578209458,800,44.627904,10.946498,132.0,5.34,100,0,0,1,0
1162,1640789578709021,500,44.62789,10.946524,121.5,5.02,100,0,1,0,0
1163,1640789579109120,400,44.627877,10.946543,134.0,4.65,100,0,1,0,0
1164,1640789579509016,400,44.627864,10.946563,129.4,5.17,100,1,0,0,0
1165,1640789580309038,800,44.627841,10.946602,132.3,4.97,100,0,0,1,0
1166,1640789581209035,900,44.627814,10.946643,130.8,4.85,100,0,0,1,0
1167,1640789582009425,800,44.627788,10.946681,136.0,5.15,100,0,0,1,0
1168,1640789582809058,800,44.62776,10.94672,140.7,5.42,100,0,0,1,0
1169,1640789583608961,800,44.627733,10.946755,134.6,5.37,100,0,0,1,0
1170,1640789584408967,800,44.627708,10.946799,130.0,5.46,100,0,0,1,0
1171,1640789584509387,100,44.627707,10.94681,118.1,5.95,100,0,1,0,0
1172,1640789585109114,600,44.627688,10.946843,133.1,5.35,100,1,1,0,0
1173,1640789585909259,800,44.627662,10.946879,134.8,5.22,100,0,0,1,0
1174,1640789586709238,800,44.627635,10.946915,136.2,4.98,100,0,0,1,0
1175,1640789587509075,800,44.627606,10.94695,139.5,5.21,100,0,0,1,0
1176,1640789588309147,800,44.627578,10.946987,140.2,5.21,100,0,0,1,0
1177,1640789588909245,600,44.627559,10.947016,130.1,5.09,100,0,1,0,0
1178,1640789589809465,900,44.62753,10.947054,134.6,4.82,100,0,0,1,0
1179,1640789590709020,900,44.627508,10.947095,121.8,4.36,100,0,1,1,0
1180,1640789591409334,700,44.627498,10.94713,105.9,4.1,100,0,1,0,0
1181,1640789591609550,200,44.627498,10.947141,95.3,3.99,100,0,1,0,0
1182,1640789592609022,1000,44.627489,10.947193,96.1,4.57,100,1,0,1,0
1183,1640789593209331,600,44.627481,10.947229,107.0,4.79,100,0,1,0,0
1184,1640789594009297,800,44.627465,10.947271,117.7,5.01,100,0,1,0,0
1185,1640789594309018,300,44.627457,10.947282,138.4,4.08,100,1,1,0,0
1186,1640789594508961,200,44.627449,10.947292,138.1,4.93,100,1,0,0,0
1187,1640789595309026,800,44.627432,10.947333,123.8,4.87,100,0,1,0,0
1188,1640789596109469,800,44.62742,10.947378,108.6,4.77,100,0,1,0,0
1189,1640789596509017,400,44.627419,10.9474,97.6,4.42,100,0,1,0,0
1190,1640789597108966,600,44.627421,10.947434,84.5,4.27,100,0,1,0,0
1191,1640789597509020,400,44.62743,10.947456,63.8,4.72,100,0,1,0,0
1192,1640789598209041,700,44.627442,10.947496,60.2,3.97,100,1,0,0,0
1193,1640789599109060,900,44.627463,10.947541,49.2,4.54,100,1,1,1,0
1194,1640789600109578,1000,44.627491,10.947582,43.3,4.48,100,0,0,1,0
1195,1640789601010684,900,44.627518,10.947622,47.6,4.82,100,0,0,1,0
1196,1640789601809144,800,44.627538,10.947666,53.6,4.61,100,0,0,1,0
1197,1640789602609091,800,44.627557,10.947714,58.3,5.04,100,0,0,1,0
1198,1640789603409018,800,44.627576,10.947763,61.9,5.22,100,0,0,1,0
1199,1640789604309062,900,44.627596,10.947813,59.0,4.89,100,0,0,1,0
1200,1640789605009046,700,44.627615,10.947842,44.9,4.24,100,1,1,0,0
1201,1640789605509070,500,44.627626,10.947861,42.9,3.68,100,1,0,0,0
1202,1640789605809317,300,44.627631,10.947868,41.6,2.88,100,1,0,0,0
1203,1640789607109119,1300,44.627657,10.947911,47.2,2.75,100,0,0,1,0
1204,1640789607809059,700,44.62767,10.94793,47.9,3.28,100,1,0,0,0
1205,1640789608308960,500,44.627681,10.947953,47.9,3.82,100,1,0,0,0
1206,1640789608708979,400,44.627689,10.947971,52.8,4.33,100,1,0,0,0
1207,1640789609609056,900,44.627714,10.948013,47.7,4.89,100,1,0,1,0
1208,1640789610408966,800,44.627742,10.94805,38.1,5.32,100,0,0,1,0
1209,1640789611208968,800,44.627775,10.948085,34.9,5.42,100,0,0,1,0
1210,1640789612009344,800,44.627806,10.948117,35.1,5.55,100,0,0,1,0
1211,1640789612809241,800,44.627836,10.948155,38.9,5.36,100,0,0,1,0
1212,1640789613609066,800,44.627867,10.94819,39.0,5.16,100,0,0,1,0
1213,1640789614409298,800,44.627897,10.948224,36.5,5.25,100,0,0,1,0
1214,1640789615208990,800,44.627928,10.948258,36.3,5.18,100,0,0,1,0
1215,1640789616009332,800,44.627957,10.94829,36.4,5.01,100,0,0,1,0
1216,1640789616809256,800,44.627988,10.948322,32.1,5.2,100,0,0,1,0
1217,1640789617609032,800,44.62802,10.948354,33.9,5.24,100,0,0,1,0
1218,1640789618409272,800,44.62805,10.948385,35.7,5.02,100,0,0,1,0
1219,1640789619009000,600,44.62807,10.948405,36.1,4.33,100,1,0,0,0
1220,1640789619309037,300,44.628078,10.948415,35.8,3.78,100,1,0,0,0
1221,1640789619709025,400,44.628088,10.948424,34.7,3.15,100,1,0,0,0
1222,1640789620209044,500,44.628098,10.948434,30.9,2.54,100,1,0,0,0
1223,1640789620909051,700,44.628113,10.948443,16.8,2.42,100,0,1,0,0
1224,1640789621408963,500,44.628125,10.948447,2.3,2.26,100,0,1,0,0
1225,1640789621809177,400,44.628133,10.948445,351.5,2.27,100,0,1,0,0
1226,1640789622309269,500,44.628144,10.948444,337.1,2.16,100,0,1,0,0
1227,1640789622709150,400,44.628152,10.948435,322.2,2.81,100,1,1,0,0
1228,1640789623909063,1200,44.628176,10.948416,332.5,2.85,100,0,1,0,0
1229,1640789624409253,500,44.628192,10.948412,345.9,3.32,100,0,1,0,0
1230,1640789624809433,400,44.628203,10.948412,359.3,3.15,100,0,1,0,0
1231,1640789625109047,300,44.628212,10.948418,10.5,3.46,100,0,1,0,0
1232,1640789625509265,400,44.628226,10.948425,19.7,4.06,100,1,0,0,0
1233,1640789626009670,500,44.628242,10.948438,31.3,4.37,100,0,1,0,0
1234,1640789626508999,500,44.62826,10.948457,36.1,4.88,100,1,0,0,0
1235,1640789627308960,800,44.62829,10.948489,38.6,5.32,100,0,0,1,0
