latitude,longitude
44.662119,10.925099
44.662117,10.925105
44.662093,10.925152
44.662089,10.925168
44.662068,10.925216
44.662047,10.925258
44.662033,10.925278
44.662032,10.925288
44.662007,10.925333
44.661988,10.925384
44.661986,10.925394
44.661977,10.92541
44.661956,10.925452
44.661932,10.925494
44.661925,10.925513
44.661904,10.925561
44.661882,10.925608
44.661868,10.925647
44.661857,10.925662
44.661838,10.925708
44.661817,10.925749
44.661797,10.925794
44.661775,10.925835
44.661756,10.92588
44.661749,10.9259
44.661731,10.925944
44.661713,10.925992
44.661702,10.926014
44.661679,10.926066
44.66166,10.92611
44.661643,10.926154
44.661622,10.926199
44.661596,10.92624
44.661573,10.926287
44.66155,10.926336
44.661525,10.926384
44.661501,10.926434
44.661479,10.926488
44.661458,10.926538
44.661436,10.92659
44.661419,10.926596
44.661397,10.926645
44.661373,10.926697
44.661357,10.926743
44.661334,10.926794
44.661311,10.926846
44.661295,10.926903
44.661273,10.926955
44.661247,10.927004
44.661225,10.927055
44.661201,10.927104
44.661178,10.927151
44.661156,10.9272
44.661133,10.927247
44.661111,10.927294
44.661089,10.92734
44.661084,10.927363
44.661064,10.927406
44.66104,10.927458
44.661027,10.927487
44.661015,10.927516
44.660996,10.927564
44.660974,10.927608
44.660949,10.927657
44.660928,10.927703
44.660908,10.927746
44.660887,10.927791
44.660868,10.927828
44.660866,10.927838
44.660861,10.927848
44.66084,10.927893
44.660828,10.927915
44.660805,10.927968
44.660781,10.928019
44.660758,10.928058
44.660731,10.928105
44.660737,10.928115
44.660715,10.92816
44.660695,10.928205
44.660675,10.928246
44.660656,10.928291
44.660642,10.92832
44.660637,10.928336
44.660629,10.928349
44.660616,10.928384
44.660595,10.928428
44.660584,10.928449
44.660572,10.928477
44.660569,10.928484
44.660555,10.928514
44.660543,10.928543
44.660535,10.928561
44.660519,10.928587
44.660512,10.928599
44.660511,10.928604
44.660509,10.928607
44.660505,10.928617
44.660485,10.928664
44.660483,10.928665
44.660477,10.928676
44.660458,10.928714
44.660451,10.928739
44.66045,10.928746
44.660443,10.928757
44.660439,10.928762
44.660433,10.928775
44.660429,10.928793
44.66041,10.928838
44.660388,10.928881
44.660379,10.928902
44.660365,10.928927
44.660342,10.928973
44.660334,10.928996
44.660314,10.929043
44.660303,10.929067
44.660297,10.929084
44.660285,10.929108
44.660284,10.929112
44.660279,10.92912
44.66027,10.929138
44.66027,10.929144
44.660261,10.929148
44.66026,10.92915
44.660251,10.929158
44.660256,10.929161
44.660256,10.929165
44.660254,10.929167
44.660253,10.929168
44.660253,10.929166
44.660251,10.929164
44.66025,10.929166
44.660249,10.929166
44.660245,10.929174
44.660243,10.929176
44.660243,10.929177
44.660241,10.929178
44.660237,10.929183
44.660236,10.929184
44.660235,10.929181
44.660229,10.929186
44.660223,10.929191
44.660219,10.929196
44.660212,10.929201
44.660209,10.929206
44.660203,10.92921
44.660205,10.929213
44.660187,10.929219
44.660179,10.929219
44.660162,10.929223
44.660159,10.929224
44.660151,10.929224
44.660146,10.929224
44.660105,10.929222
44.660095,10.929223
44.660073,10.929222
44.660061,10.929223
44.660028,10.929222
44.659997,10.929221
44.659965,10.92922
44.659927,10.92922
44.659918,10.929219
44.659876,10.929217
44.65983,10.929215
44.659793,10.929212
44.659754,10.929209
44.659713,10.929206
44.659672,10.929202
44.659628,10.929199
44.659585,10.929196
44.659541,10.929192
44.659501,10.929189
44.659459,10.929185
44.659421,10.929182
44.659381,10.92918
44.659345,10.929177
44.659325,10.929179
44.659288,10.929178
44.659251,10.929176
44.659209,10.929176
44.659166,10.929173
44.659125,10.929174
44.659084,10.929172
44.659069,10.929171
44.659047,10.929173
44.65902,10.929176
44.658998,10.929185
44.658983,10.929191
44.658962,10.929201
44.658949,10.929211
44.658921,10.929231
44.658901,10.929251
44.658869,10.92929
44.658846,10.929325
44.658819,10.929371
44.658797,10.929412
44.658777,10.929454
44.658755,10.929496
44.658738,10.929529
44.658713,10.929571
44.658689,10.929613
44.658666,10.929651
44.658639,10.929696
44.658618,10.929729
44.658614,10.92974
44.658604,10.929754
44.658581,10.929793
44.658555,10.929836
44.658544,10.929856
44.658527,10.92988
44.65852,10.929894
44.658516,10.929899
44.658493,10.929938
44.658474,10.929968
44.658448,10.93001
44.65844,10.930025
44.658429,10.930038
44.658423,10.930048
44.658415,10.930054
44.658404,10.930072
44.658391,10.930088
44.658364,10.930126
44.658356,10.930133
44.658354,10.930141
44.658347,10.930149
44.658335,10.930161
44.658308,10.930182
44.658289,10.930194
44.658257,10.930212
44.658223,10.930229
44.658189,10.930249
44.658153,10.930266
44.658143,10.930274
44.658123,10.930286
44.6581,10.930303
44.658093,10.930308
44.658082,10.930317
44.658066,10.930334
44.658053,10.930352
44.65804,10.93037
44.658033,10.930384
44.658027,10.930398
44.658012,10.930435
44.658004,10.930459
44.657994,10.930494
44.657989,10.930523
44.657985,10.930544
44.657976,10.930586
44.657961,10.930639
44.657957,10.930652
44.657946,10.930686
44.657929,10.930731
44.657914,10.930765
44.657892,10.930809
44.657869,10.930852
44.657849,10.930885
44.657842,10.930899
44.657827,10.930924
44.657805,10.930963
44.657782,10.931007
44.657766,10.931034
44.657758,10.931047
44.657734,10.93109
44.657702,10.931135
44.657673,10.931182
44.657644,10.931231
44.657614,10.931279
44.657586,10.931324
44.657556,10.93137
44.657526,10.931415
44.657497,10.931464
44.657469,10.931512
44.657438,10.93156
44.657407,10.931611
44.657375,10.931661
44.657342,10.931712
44.657309,10.931764
44.657276,10.931815
44.657255,10.931847
44.657224,10.931896
44.657205,10.931926
44.657177,10.931973
44.657148,10.93202
44.657117,10.932066
44.657086,10.932113
44.657057,10.932159
44.657027,10.932205
44.656997,10.932254
44.656967,10.932303
44.656937,10.93235
44.656906,10.932399
44.656877,10.932448
44.656846,10.932495
44.656816,10.932544
44.656787,10.932593
44.656758,10.932641
44.656728,10.932688
44.656698,10.932737
44.656668,10.932784
44.656639,10.93283
44.656609,10.932873
44.656599,10.932893
44.656569,10.932939
44.656539,10.932986
44.65651,10.933033
44.656491,10.933065
44.656461,10.933109
44.656432,10.933154
44.656402,10.933198
44.656373,10.933242
44.656344,10.933286
44.656315,10.933329
44.656287,10.933376
44.656259,10.933419
44.656231,10.933461
44.656205,10.933505
44.656177,10.933548
44.65615,10.933589
44.656121,10.933632
44.656095,10.933673
44.656068,10.933713
44.656041,10.933751
44.656014,10.933792
44.655989,10.93383
44.655957,10.933876
44.655923,10.933922
44.655909,10.933943
44.655878,10.933984
44.655862,10.934002
44.655833,10.934039
44.655807,10.934071
44.655782,10.934101
44.655771,10.934113
44.65576,10.934125
44.655733,10.934154
44.655714,10.934171
44.65571,10.934175
44.655695,10.93419
44.655685,10.9342
44.655668,10.934215
44.655662,10.93422
44.655643,10.934232
44.65564,10.934236
44.655632,10.934241
44.655625,10.934247
44.655622,10.934251
44.655615,10.934255
44.655585,10.934278
44.655573,10.934287
44.655538,10.934311
44.655503,10.934335
44.655477,10.934353
44.655455,10.934366
44.65544,10.934375
44.655423,10.934385
44.655399,10.934398
44.655377,10.93441
44.655369,10.934415
44.655338,10.934432
44.655297,10.934453
44.655264,10.934473
44.655225,10.934499
44.655184,10.934525
44.655169,10.934532
44.65513,10.93455
44.655084,10.934571
44.655069,10.934575
44.655029,10.934587
44.654987,10.934595
44.654942,10.934603
44.654905,10.934609
44.654865,10.934615
44.654823,10.934618
44.654798,10.93462
44.654762,10.934622
44.654719,10.934622
44.654698,10.934623
44.65468,10.934624
44.654642,10.934622
44.654604,10.934619
44.654563,10.934614
44.654526,10.934609
44.654481,10.934602
44.654443,10.934594
44.654401,10.934585
44.65437,10.934577
44.654331,10.934566
44.654311,10.934562
44.654271,10.93455
44.654233,10.934535
44.65419,10.93452
44.654172,10.934511
44.654133,10.934492
44.654091,10.934473
44.65405,10.934455
44.654015,10.934428
44.653978,10.934404
44.653942,10.934382
44.653925,10.934368
44.65389,10.934345
44.653867,10.934324
44.653831,10.9343
44.653798,10.934275
44.653764,10.934249
44.65373,10.934223
44.653698,10.934199
44.653666,10.934176
44.653637,10.934153
44.653599,10.934126
44.653564,10.9341
44.653531,10.934073
44.653499,10.934047
44.653463,10.934015
44.653431,10.933988
44.653407,10.933967
44.653371,10.933934
44.653337,10.933903
44.653303,10.933871
44.653272,10.933839
44.653242,10.933805
44.653222,10.933785
44.653213,10.933773
44.653181,10.933739
44.653148,10.933705
44.653141,10.933697
44.653111,10.933663
44.653107,10.933659
44.653097,10.933647
44.65308,10.93363
44.653069,10.933615
44.65306,10.933605
44.653051,10.933594
44.653035,10.933575
44.65303,10.933568
44.653001,10.933535
44.652991,10.933525
44.652986,10.933518
44.652963,10.933489
44.652957,10.933484
44.65295,10.933474
44.652944,10.933469
44.652924,10.933446
44.652915,10.933437
44.652908,10.933428
44.652897,10.933415
44.652892,10.933409
44.652869,10.933382
44.652849,10.93336
44.652839,10.933348
44.652831,10.93334
44.652821,10.933327
44.652819,10.933324
44.652817,10.933322
44.652814,10.93332
44.652813,10.933318
44.65281,10.933313
44.652808,10.933311
44.652807,10.933311
44.652806,10.933309
44.652801,10.933304
44.652801,10.933304
44.652801,10.933303
44.652801,10.933304
44.652802,10.933304
44.652803,10.933305
44.652804,10.933306
44.652803,10.933307
44.6528,10.933312
44.652798,10.933314
44.652798,10.933316
44.652798,10.933317
44.652798,10.933319
44.652798,10.93332
44.652798,10.933321
44.652799,10.933321
44.652798,10.933318
44.652797,10.933314
44.652795,10.933311
44.652793,10.933312
44.652793,10.933312
44.652792,10.933311
44.652792,10.933309
44.652791,10.933309
44.65279,10.933307
44.652785,10.933299
44.652783,10.933296
44.652781,10.933294
44.65278,10.933293
44.652776,10.933286
44.652775,10.933285
44.652775,10.933285
44.652775,10.933284
44.652772,10.93328
44.652771,10.933278
44.65277,10.933278
44.652767,10.933273
44.652767,10.933272
44.652764,10.93327
44.652763,10.933266
44.652759,10.933263
44.652757,10.933261
44.652756,10.93326
44.652752,10.933255
44.652747,10.933249
44.65274,10.933241
44.652738,10.933239
44.652736,10.933238
44.652736,10.933237
44.652733,10.933233
44.652725,10.933222
44.652723,10.93322
44.652723,10.93322
44.652723,10.93322
44.652725,10.93322
44.652726,10.933221
44.652726,10.933221
44.652728,10.933223
44.652728,10.933224
44.652727,10.933224
44.652727,10.933224
44.652727,10.933224
44.652728,10.933224
44.652729,10.933223
44.652729,10.933223
44.652729,10.933224
44.652729,10.933224
44.652729,10.933225
44.652729,10.933225
44.652729,10.933225
44.652729,10.933225
44.652729,10.933225
44.652725,10.933222
44.652723,10.933219
44.652723,10.933218
44.652721,10.933216
44.65272,10.933215
44.652715,10.933207
44.652712,10.933202
44.652709,10.9332
44.652708,10.933198
44.652699,10.93319
44.652688,10.933174
44.652687,10.933173
44.652682,10.93317
44.652679,10.933166
44.65268,10.933165
44.652675,10.933161
44.652664,10.933149
44.652662,10.933148
44.652654,10.933139
44.652646,10.933132
44.652642,10.933126
44.65264,10.933125
44.652637,10.933119
44.652633,10.933113
44.652629,10.933109
44.652619,10.933096
44.652615,10.933092
44.652615,10.933089
44.652613,10.933087
44.652603,10.933082
44.652602,10.933079
44.652587,10.933063
44.652589,10.933061
44.652582,10.933058
44.652578,10.93305
44.652574,10.933048
44.652573,10.933047
44.652572,10.933044
44.65257,10.933044
44.65257,10.933042
44.652569,10.933042
44.652567,10.933038
44.652566,10.933039
44.652566,10.933038
44.652567,10.933038
44.652564,10.933038
44.652564,10.933038
44.652564,10.933037
44.652565,10.933037
44.65256,10.933033
44.652559,10.933028
44.652559,10.933028
44.652559,10.933027
44.652558,10.933026
44.652555,10.933019
44.652556,10.933014
44.652558,10.933012
44.652559,10.93301
44.652559,10.933009
44.65256,10.933009
44.65256,10.933008
44.652561,10.933006
44.652561,10.933005
44.652564,10.933007
44.652563,10.933007
44.652562,10.933006
44.652562,10.933004
44.652561,10.933003
44.652559,10.933002
44.652562,10.933
44.652557,10.932995
44.652551,10.932992
44.652549,10.93299
44.652548,10.932989
44.652547,10.932988
44.652545,10.932985
44.652548,10.932985
44.652547,10.932984
44.652539,10.932984
44.652531,10.932981
44.652527,10.932978
44.652522,10.932973
44.652523,10.932971
44.652522,10.93297
44.652521,10.932969
44.65252,10.93297
44.652518,10.932969
44.652515,10.932967
44.652512,10.932964
44.652511,10.932963
44.65251,10.932962
44.652512,10.93296
44.65251,10.932961
44.652509,10.93296
44.652509,10.932958
44.65251,10.932954
44.652508,10.932952
44.65251,10.932955
44.652512,10.932957
44.652512,10.932957
44.652511,10.932958
44.652502,10.932953
44.652501,10.932951
44.6525,10.932951
44.652498,10.932948
44.652496,10.932944
44.652496,10.932942
44.652495,10.93294
44.652493,10.932939
44.652489,10.932935
44.652489,10.932933
44.652487,10.932931
44.652486,10.932931
44.652482,10.932926
44.652481,10.932924
44.652477,10.932926
44.652475,10.932923
44.652473,10.932921
44.652472,10.932919
44.65247,10.932918
44.652469,10.932914
44.652467,10.932909
44.652465,10.932908
44.652459,10.932898
44.652452,10.932881
44.652449,10.932878
44.652447,10.932875
44.652443,10.932864
44.652443,10.932861
44.65244,10.932851
44.652435,10.932841
44.652434,10.932834
44.652433,10.932831
44.652425,10.93281
44.652421,10.932796
44.652415,10.932775
44.652413,10.93277
44.652405,10.932752
44.652399,10.932739
44.652395,10.932734
44.652369,10.93269
44.652352,10.932666
44.652332,10.932642
44.652308,10.932615
44.65228,10.932582
44.652249,10.932551
44.652222,10.932516
44.652194,10.93248
44.65217,10.932453
44.652159,10.932435
44.652127,10.932394
44.652094,10.93235
44.652079,10.932335
44.65205,10.932299
44.652025,10.932273
44.65201,10.932253
44.651992,10.932235
44.651976,10.932212
44.651943,10.93217
44.651908,10.93213
44.651871,10.932093
44.651834,10.932055
44.651799,10.932013
44.651762,10.931975
44.651725,10.931936
44.651688,10.931897
44.65165,10.93185
44.651628,10.931827
44.651596,10.93179
44.651561,10.931752
44.651523,10.93171
44.651508,10.931702
44.651468,10.931665
44.651443,10.931642
44.651415,10.931584
44.65138,10.931545
44.651347,10.931507
44.651314,10.931471
44.651293,10.931446
44.651262,10.93141
44.651231,10.931375
44.651198,10.931342
44.651169,10.931309
44.65114,10.931277
44.651111,10.931246
44.651083,10.931214
44.651047,10.931176
44.65101,10.931136
44.650993,10.931118
44.650959,10.93108
44.650925,10.931044
44.650889,10.931008
44.650882,10.931
44.650847,10.930965
44.650815,10.930928
44.65078,10.930894
44.650746,10.930862
44.650713,10.930833
44.650691,10.930809
44.650665,10.930787
44.650649,10.930769
44.650622,10.930745
44.650594,10.930718
44.650562,10.930694
44.650532,10.930664
44.650501,10.930636
44.650468,10.930607
44.650437,10.930578
44.650404,10.930551
44.650371,10.930523
44.650336,10.930497
44.650302,10.93047
44.650267,10.930444
44.650231,10.930412
44.650209,10.930394
44.650174,10.930368
44.650142,10.93033
44.650108,10.930302
44.650073,10.930273
44.65004,10.930245
44.650031,10.930238
44.649999,10.930209
44.649969,10.930184
44.649937,10.930156
44.649904,10.930134
44.649864,10.930103
44.64983,10.930075
44.649823,10.93007
44.649808,10.930057
44.649794,10.930045
44.649762,10.930023
44.649749,10.93001
44.649743,10.930004
44.64971,10.929977
44.64969,10.929969
44.649679,10.929961
44.649656,10.929945
44.649636,10.929927
44.649631,10.929924
44.649613,10.929906
44.649601,10.929896
44.649591,10.929893
44.649584,10.929884
44.649567,10.929869
44.64954,10.92985
44.649515,10.929836
44.649499,10.929827
44.64949,10.929823
44.649487,10.929823
44.649484,10.92982
44.649484,10.929818
44.64948,10.929817
44.64947,10.929818
44.649458,10.929813
44.649455,10.929816
44.64945,10.92982
44.649447,10.929824
44.649444,10.929825
44.649438,10.92983
44.64943,10.929839
44.649421,10.929848
44.649413,10.929863
44.649404,10.929882
44.649398,10.929897
44.649389,10.929915
44.64938,10.929939
44.649372,10.929963
44.649357,10.930004
44.649353,10.930021
44.649348,10.93003
44.649347,10.930038
44.649338,10.930066
44.649331,10.930081
44.649319,10.930107
44.649305,10.930147
44.649298,10.930166
44.649293,10.930179
44.649273,10.930233
44.649259,10.930271
44.649239,10.930322
44.649221,10.930377
44.649201,10.93043
44.649171,10.930494
44.649159,10.930523
44.649142,10.930575
44.649127,10.930624
44.64911,10.930676
44.649091,10.930726
44.649084,10.93077
44.649066,10.930818
44.64905,10.930866
44.64904,10.930891
44.649021,10.930943
44.649015,10.93097
44.648996,10.931019
44.648985,10.931043
44.648965,10.931096
44.648948,10.931146
44.648931,10.931198
44.648913,10.93125
44.648892,10.931296
44.648875,10.931347
44.648857,10.93139
44.648848,10.931404
44.648827,10.931452
44.648808,10.931503
44.648808,10.931517
44.6488,10.931553
44.648787,10.931587
44.64877,10.931634
44.648756,10.931678
44.648733,10.931732
44.648735,10.931736
44.648718,10.931785
44.648717,10.931793
44.648701,10.931844
44.648682,10.931899
44.648667,10.931945
44.648649,10.931994
44.648638,10.932018
44.648625,10.932044
44.6486,10.932089
44.648598,10.932093
44.648596,10.932097
44.648594,10.932103
44.648589,10.932112
44.648583,10.932118
44.648574,10.932117
44.648569,10.932119
44.648566,10.93212
44.648557,10.932123
44.648539,10.932127
44.648523,10.932129
44.648513,10.932127
44.648492,10.93212
44.648477,10.932118
44.648455,10.932104
44.648431,10.932083
44.648418,10.932068
44.648397,10.932037
44.648365,10.932001
44.648337,10.931964
44.648318,10.931956
44.648304,10.931941
44.648271,10.931903
44.648247,10.931878
44.648216,10.931846
44.648184,10.931821
44.648178,10.931817
44.648173,10.931813
44.64815,10.931789
44.648136,10.931781
44.648134,10.931781
44.648124,10.931772
44.648097,10.931745
44.648071,10.931716
44.648042,10.931684
44.64801,10.931649
44.647977,10.931622
44.647946,10.931589
44.647912,10.931558
44.647878,10.931526
44.647852,10.931502
44.647823,10.931468
44.647789,10.931441
44.64776,10.931411
44.647753,10.93141
44.647737,10.931398
44.647707,10.93137
44.647676,10.931345
44.647668,10.931334
44.647659,10.931316
44.647644,10.931296
44.647622,10.931285
44.647617,10.931283
44.647614,10.931279
44.647597,10.931265
44.647594,10.931253
44.647587,10.931245
44.647579,10.931236
44.647571,10.931236
44.647571,10.931233
44.647572,10.93123
44.647568,10.931226
44.64756,10.931206
44.647561,10.931203
44.647561,10.931199
44.647557,10.931202
44.647554,10.931199
44.647553,10.931197
44.647549,10.931193
44.647548,10.93119
44.647537,10.931182
44.647513,10.931155
44.647505,10.931147
44.647484,10.931128
44.647477,10.931124
44.647461,10.931106
44.647443,10.93109
44.647433,10.931083
44.647423,10.931072
44.64742,10.931068
44.647417,10.931069
44.647413,10.931068
44.647401,10.931052
44.647399,10.931044
44.647394,10.931039
44.647383,10.931016
44.647355,10.931001
44.64735,10.931001
44.647348,10.931002
44.647338,10.931004
44.647333,10.931006
44.647318,10.931014
44.647315,10.931016
44.64731,10.931018
44.647302,10.931018
44.647267,10.931036
44.647247,10.931105
44.647234,10.931126
44.647203,10.931171
44.647176,10.931207
44.647152,10.931245
44.647131,10.93127
44.647126,10.931279
44.647117,10.931298
44.647091,10.931329
44.64709,10.93135
44.647095,10.931358
44.647094,10.931385
44.647096,10.931411
44.647107,10.93142
44.647112,10.931427
44.647118,10.93145
44.647126,10.931502
44.647128,10.931527
44.647132,10.931563
44.647131,10.931582
44.647126,10.931603
44.647123,10.931634
44.647119,10.931666
44.647112,10.93171
44.647103,10.931743
44.64709,10.931787
44.647073,10.931844
44.647056,10.93189
44.64704,10.931931
44.647021,10.931979
44.647,10.932023
44.646993,10.932055
44.646973,10.932109
44.646966,10.932152
44.646953,10.932188
44.646936,10.932234
44.646934,10.932242
44.646923,10.932263
44.646915,10.932282
44.646908,10.932299
44.646892,10.932324
44.646888,10.932337
44.646874,10.932388
44.64687,10.932407
44.646855,10.932429
44.646854,10.932444
44.646847,10.932436
44.646827,10.932481
44.646822,10.932496
44.646807,10.932522
44.646824,10.932522
44.646822,10.932525
44.646821,10.932527
44.646815,10.932537
44.646815,10.93254
44.646814,10.932541
44.646814,10.932542
44.64682,10.932541
44.646819,10.932542
44.646819,10.932538
44.646819,10.932546
44.646819,10.932546
44.646819,10.932548
44.646825,10.932544
44.646827,10.932545
44.646826,10.932545
44.646826,10.932544
44.646826,10.932545
44.646826,10.932545
44.646826,10.932546
44.646825,10.932546
44.646826,10.932546
44.646826,10.932547
44.646826,10.932548
44.646827,10.932548
44.646827,10.932548
44.646827,10.932548
44.646827,10.932548
44.646827,10.932548
44.646827,10.932548
44.646827,10.932548
44.646827,10.932548
44.646827,10.932548
44.646827,10.932548
44.646827,10.932548
44.646827,10.932548
44.646827,10.932548
44.646827,10.932548
44.646827,10.932548
44.646827,10.932548
44.646827,10.932548
44.646828,10.932548
44.646828,10.932548
44.646828,10.932548
44.646828,10.932548
44.646828,10.932549
44.646828,10.932549
44.646829,10.932549
44.646829,10.932549
44.646829,10.932549
44.646829,10.932549
44.646829,10.932549
44.646829,10.932549
44.646829,10.932549
44.646829,10.932549
44.64683,10.932549
44.64683,10.932549
44.64683,10.932549
44.64683,10.932549
44.64683,10.932549
44.64683,10.932549
44.646829,10.932558
44.646828,10.932561
44.646827,10.932563
44.646825,10.932567
44.646824,10.932572
44.646822,10.932574
44.64682,10.932582
44.646817,10.93259
44.646816,10.932594
44.646811,10.932609
44.646811,10.932612
44.646806,10.93262
44.646805,10.932634
44.646798,10.932651
44.646779,10.932668
44.646775,10.932669
44.646769,10.932672
44.646763,10.932674
44.646747,10.932681
44.646733,10.932687
44.646731,10.932691
44.646723,10.932695
44.646718,10.932693
44.646704,10.932697
44.646685,10.932692
44.64668,10.932688
44.646672,10.932686
44.646668,10.932675
44.64666,10.932674
44.646621,10.932652
44.646608,10.93264
44.646572,10.93261
44.646546,10.932596
44.646534,10.93259
44.6465,10.932567
44.646464,10.932542
44.646424,10.932513
44.64639,10.932486
44.646356,10.932462
44.646316,10.932431
44.646276,10.932401
44.646239,10.932379
44.646198,10.932349
44.646158,10.932319
44.646116,10.932286
44.646085,10.932262
44.646052,10.932237
44.64602,10.93221
44.645988,10.932184
44.645953,10.932162
44.645943,10.932158
44.645911,10.932132
44.645878,10.932108
44.645845,10.932083
44.645812,10.932057
44.645779,10.932032
44.645745,10.932008
44.645704,10.931976
44.645663,10.931942
44.645622,10.931912
44.645584,10.931881
44.645546,10.931847
44.645528,10.931838
44.64549,10.93181
44.645453,10.931784
44.645415,10.931757
44.645378,10.931732
44.645341,10.931712
44.645305,10.931691
44.64527,10.931671
44.645253,10.931655
44.645239,10.931643
44.6452,10.931613
44.64518,10.931597
44.645144,10.931567
44.64511,10.931539
44.645077,10.931513
44.645044,10.931494
44.645019,10.931476
44.645004,10.931465
44.644988,10.931458
44.644986,10.93145
44.644951,10.931428
44.644943,10.931425
44.644937,10.93142
44.644934,10.931419
44.644926,10.931417
44.644917,10.931399
44.644913,10.931395
44.644911,10.931394
44.644908,10.931392
44.644908,10.931392
44.644904,10.931391
44.644902,10.931389
44.644898,10.931384
44.644897,10.931374
44.644895,10.931373
44.644892,10.931369
44.644873,10.931349
44.644865,10.931348
44.644842,10.931332
44.644837,10.931327
44.64483,10.93132
44.64482,10.931314
44.644794,10.931296
44.644788,10.931294
44.644776,10.931284
44.64474,10.931261
44.644705,10.931236
44.644687,10.93122
44.644676,10.931212
44.644672,10.93121
44.644643,10.931189
44.64464,10.931183
44.644627,10.931173
44.644624,10.93117
44.644619,10.931168
44.644616,10.931163
44.644612,10.931161
44.644612,10.931159
44.644609,10.931159
44.644607,10.931156
44.644605,10.931153
44.644603,10.931152
44.644595,10.931139
44.644594,10.931138
44.644592,10.931134
44.644589,10.931133
44.644589,10.93113
44.644587,10.931131
44.644585,10.931128
44.644581,10.931125
44.644578,10.931122
44.644559,10.93111
44.644558,10.931108
44.644555,10.931101
44.644556,10.931099
44.644553,10.931097
44.644552,10.931096
44.64455,10.931094
44.644548,10.931092
44.644543,10.931092
44.644537,10.931089
44.644521,10.931075
44.644517,10.931073
44.644516,10.931072
44.644511,10.931069
44.644508,10.931067
44.644506,10.931066
44.644507,10.931059
44.644505,10.931058
44.644504,10.931057
44.644503,10.931056
44.644501,10.931057
44.644492,10.931055
44.644487,10.931057
44.644481,10.931059
44.644473,10.931062
44.64447,10.931066
44.644467,10.931066
44.64445,10.931071
44.644449,10.931075
44.644437,10.931094
44.644434,10.931096
44.644425,10.931101
44.644421,10.931113
44.644407,10.931143
44.644389,10.931174
44.644367,10.931223
44.644345,10.931276
44.644341,10.931283
44.644324,10.931314
44.644319,10.931327
44.644309,10.931346
44.644308,10.931353
44.644293,10.931385
44.64429,10.931389
44.644273,10.931423
44.644268,10.931435
44.644261,10.931453
44.644256,10.931469
44.644249,10.93148
44.644244,10.931489
44.644243,10.931493
44.644242,10.931498
44.64424,10.931499
44.644239,10.931504
44.644233,10.931509
44.644231,10.931514
44.644227,10.931521
44.644223,10.931531
44.644222,10.931532
44.644221,10.931533
44.64422,10.931537
44.64422,10.931539
44.644218,10.931539
44.644219,10.931539
44.644219,10.931539
44.644218,10.931539
44.644218,10.931539
44.644218,10.931539
44.644218,10.931539
44.644217,10.931541
44.644213,10.931541
44.644208,10.931545
44.644207,10.931549
44.644206,10.931552
44.644205,10.931554
44.644204,10.931556
44.644198,10.93156
44.644196,10.931565
44.644194,10.931566
44.644193,10.93157
44.644187,10.931586
44.644185,10.931589
44.644181,10.931595
44.644179,10.931605
44.644177,10.931608
44.644172,10.931619
44.644159,10.931643
44.644153,10.931658
44.644148,10.931671
44.644138,10.931689
44.644125,10.931725
44.644109,10.931757
44.644102,10.931775
44.644094,10.931793
44.644082,10.931822
44.644057,10.931866
44.644045,10.931898
44.644026,10.931942
44.644014,10.931965
44.643993,10.932011
44.643983,10.93204
44.643962,10.932089
44.643941,10.932138
44.643932,10.932167
44.643921,10.932189
44.643902,10.932237
44.643883,10.932285
44.643863,10.932329
44.643845,10.932376
44.643827,10.932423
44.643806,10.932467
44.643786,10.932513
44.643767,10.932559
44.64375,10.932604
44.643733,10.932646
44.643712,10.932692
44.643692,10.932741
44.643671,10.932785
44.643651,10.932829
44.643632,10.932864
44.643608,10.932903
44.643583,10.932942
44.643556,10.932988
44.643529,10.933034
44.643519,10.933056
44.643498,10.933099
44.643477,10.933149
44.64346,10.933194
44.643451,10.933209
44.643443,10.933228
44.643432,10.933253
44.643429,10.93326
44.643421,10.933278
44.643416,10.933291
44.643414,10.933296
44.64341,10.933306
44.643409,10.933307
44.643408,10.933309
44.643407,10.933309
44.643408,10.933308
44.643407,10.933309
44.643407,10.93331
44.643408,10.933311
44.643408,10.933311
44.643408,10.933311
44.643408,10.933311
44.643408,10.93331
44.643412,10.93331
44.643411,10.93331
44.643411,10.933309
44.643411,10.933309
44.643411,10.933308
44.643411,10.933308
44.64341,10.933307
44.64341,10.933306
44.64341,10.933306
44.64341,10.933305
44.643409,10.933305
44.643409,10.933304
44.643409,10.933304
44.643408,10.933303
44.643408,10.933303
44.643408,10.933303
44.643407,10.933302
44.643407,10.933302
44.643407,10.933302
44.643407,10.933302
44.643406,10.933302
44.643406,10.933301
44.643405,10.933301
44.643405,10.933301
44.643405,10.933301
44.643404,10.933301
44.643404,10.933301
44.643404,10.933301
44.643403,10.933301
44.643403,10.933301
44.643403,10.933301
44.643403,10.933301
44.643402,10.933301
44.643402,10.933301
44.643402,10.933301
44.643402,10.933301
44.643402,10.933301
44.643401,10.933301
44.643401,10.933301
44.643401,10.933301
44.643401,10.933301
44.643401,10.933301
44.643401,10.933301
44.643401,10.933301
44.643401,10.933301
44.643401,10.933301
44.643401,10.933301
44.6434,10.933301
44.6434,10.933301
44.6434,10.933301
44.6434,10.933301
44.6434,10.933301
44.6434,10.933301
44.6434,10.933301
44.6434,10.933301
44.6434,10.933301
44.6434,10.933301
44.6434,10.933301
44.6434,10.933301
44.6434,10.933301
44.6434,10.933301
44.6434,10.933301
44.6434,10.933301
44.643398,10.933308
44.643396,10.933314
44.643395,10.933316
44.643393,10.93332
44.643392,10.933323
44.643392,10.933324
44.64339,10.933327
44.643388,10.933333
44.643381,10.933347
44.643369,10.933378
44.643364,10.933393
44.643358,10.933406
44.643346,10.933431
44.643334,10.933453
44.64333,10.933459
44.643319,10.933475
44.643317,10.933476
44.643316,10.933476
44.643312,10.933478
44.643311,10.933479
44.643304,10.933484
44.643306,10.933487
44.643303,10.933488
44.643302,10.933489
44.643301,10.93349
44.643304,10.933489
44.643299,10.933489
44.643299,10.933492
44.643299,10.933493
44.643298,10.933493
44.643292,10.933491
44.643291,10.933493
44.643285,10.933491
44.643281,10.933489
44.643275,10.933488
44.643267,10.933486
44.643252,10.933482
44.643249,10.933481
44.643243,10.93348
44.64324,10.933477
44.643229,10.93347
44.64321,10.933461
44.643182,10.933452
44.643173,10.933447
44.643143,10.933432
44.64311,10.933407
44.643095,10.933403
44.643077,10.933387
44.643056,10.933368
44.643018,10.933341
44.643006,10.933328
44.642978,10.933297
44.642948,10.933264
44.642935,10.933248
44.6429,10.933215
44.642868,10.933179
44.642832,10.933194
44.642819,10.933179
44.642811,10.933172
44.64278,10.933142
44.642745,10.933119
44.642711,10.933091
44.642677,10.933062
44.642669,10.933045
44.642652,10.933028
44.642619,10.932996
44.642579,10.932967
44.642544,10.932939
44.642509,10.932911
44.642473,10.932886
44.64244,10.932858
44.642404,10.932833
44.64237,10.932802
44.642335,10.932775
44.642301,10.932751
44.642266,10.932721
44.642234,10.932692
44.642199,10.932661
44.642165,10.932633
44.642133,10.932596
44.642096,10.932567
44.642063,10.93253
44.642027,10.9325
44.641994,10.932467
44.64196,10.932435
44.641927,10.932403
44.641893,10.932375
44.641861,10.93234
44.641829,10.932307
44.64181,10.932299
44.641778,10.932266
44.641745,10.932236
44.641711,10.932207
44.641679,10.932177
44.641645,10.932148
44.641612,10.932119
44.641579,10.932092
44.641545,10.932065
44.64151,10.93204
44.641476,10.932012
44.641443,10.931985
44.641424,10.931975
44.641389,10.931949
44.641355,10.931921
44.641321,10.931895
44.641287,10.931868
44.641255,10.931842
44.641215,10.931814
44.641183,10.931788
44.641145,10.931759
44.641109,10.931728
44.641072,10.931698
44.641038,10.931669
44.641005,10.93164
44.640971,10.931611
44.640952,10.931596
44.640936,10.931576
44.640911,10.931557
44.640877,10.931524
44.640857,10.93151
44.640847,10.9315
44.640811,10.931472
44.640776,10.931441
44.640743,10.931415
44.64071,10.931391
44.640687,10.93137
44.640665,10.931352
44.640655,10.931344
44.64063,10.931327
44.640614,10.931313
44.6406,10.931303
44.640568,10.931274
44.640557,10.931264
44.640553,10.931264
44.640546,10.931257
44.640527,10.931243
44.640522,10.93124
44.640515,10.931236
44.640466,10.931223
44.640445,10.931211
44.640429,10.931203
44.640413,10.931193
44.640382,10.931177
44.640358,10.931158
44.640325,10.93113
44.640304,10.931125
44.640275,10.931107
44.640254,10.931093
44.640214,10.931067
44.640174,10.931042
44.640148,10.931024
44.640112,10.931005
44.640095,10.930994
44.640055,10.930968
44.640025,10.930952
44.639996,10.930935
44.639969,10.930921
44.639965,10.930914
44.639936,10.930894
44.639905,10.930868
44.639871,10.930835
44.639839,10.930805
44.639815,10.930785
44.6398,10.930776
44.639786,10.930769
44.639777,10.930767
44.63976,10.930765
44.639754,10.930766
44.639743,10.930768
44.639734,10.930771
44.639724,10.930776
44.639722,10.93078
44.639719,10.930783
44.639718,10.930787
44.639715,10.930792
44.639705,10.930805
44.6397,10.930816
44.639697,10.930824
44.639702,10.930826
44.639701,10.930838
44.639702,10.930843
44.639702,10.930848
44.639703,10.930854
44.639703,10.930861
44.639704,10.930866
44.639706,10.930876
44.639705,10.93088
44.63971,10.930894
44.639712,10.930898
44.639715,10.930902
44.639719,10.930905
44.639732,10.930927
44.639741,10.930936
44.639747,10.930942
44.639774,10.93097
44.639788,10.930955
44.639804,10.930958
44.63982,10.930962
44.639837,10.930966
44.639877,10.930974
44.639918,10.930985
44.639958,10.930996
44.640001,10.931006
44.64003,10.931014
44.640074,10.93103
44.64009,10.931038
44.640124,10.931054
44.640161,10.931074
44.640194,10.931092
44.640228,10.931112
44.640268,10.931137
44.640288,10.931152
44.640308,10.931164
44.640343,10.931188
44.640376,10.93121
44.640409,10.931232
44.640442,10.931254
44.640453,10.931261
44.640486,10.931285
44.640491,10.931289
44.640503,10.931297
44.64054,10.931322
44.640544,10.931326
44.640578,10.931349
44.640596,10.931366
44.640632,10.931395
44.640664,10.931422
44.64068,10.931435
44.640689,10.931443
44.640703,10.931452
44.640706,10.931458
44.64072,10.931467
44.640753,10.931494
44.640788,10.931516
44.640812,10.931544
44.640843,10.93157
44.640878,10.931602
44.640909,10.931629
44.640943,10.93166
44.640978,10.931691
44.641009,10.93172
44.641042,10.93175
44.641074,10.931782
44.641082,10.931789
44.641114,10.931816
44.641152,10.931844
44.641183,10.931874
44.641217,10.931906
44.641252,10.931937
44.641264,10.931948
44.641278,10.93196
44.641297,10.931976
44.641328,10.932003
44.641361,10.93203
44.641379,10.932049
44.641414,10.932081
44.641458,10.932115
44.64149,10.93215
44.641522,10.932179
44.641547,10.932201
44.641583,10.932231
44.641587,10.932233
44.641616,10.932257
44.64165,10.932287
44.641679,10.932314
44.641714,10.932341
44.641725,10.932349
44.641762,10.932377
44.641796,10.932407
44.641829,10.932439
44.641849,10.932455
44.641884,10.932487
44.641917,10.932518
44.641925,10.932523
44.641959,10.932553
44.641964,10.932556
44.642,10.932583
44.642006,10.93259
44.64204,10.932616
44.642045,10.932622
44.642081,10.932653
44.642117,10.932683
44.642147,10.932711
44.642162,10.932722
44.642185,10.932741
44.642204,10.932755
44.642239,10.932785
44.642268,10.932805
44.642292,10.932822
44.64233,10.932851
44.642363,10.932874
44.642396,10.932907
44.64243,10.932938
44.642443,10.932948
44.642476,10.932973
44.64249,10.932987
44.642523,10.933011
44.642557,10.933043
44.64259,10.933072
44.642592,10.933076
44.642615,10.933098
44.642627,10.93311
44.642658,10.933138
44.642665,10.933147
44.642682,10.933161
44.642695,10.933175
44.642695,10.933177
44.642707,10.933191
44.642713,10.933196
44.642713,10.933191
44.642716,10.933195
44.642716,10.933195
44.642716,10.933196
44.642717,10.933196
44.642721,10.933199
44.642721,10.933199
44.642722,10.933203
44.642722,10.933202
44.642722,10.933204
44.642723,10.933204
44.642723,10.933204
44.642723,10.933204
44.642723,10.933205
44.642723,10.933205
44.642723,10.933205
44.642722,10.933205
44.642722,10.933205
44.642722,10.933205
44.642722,10.933205
44.642722,10.933205
44.642722,10.933205
44.642722,10.933205
44.642722,10.933205
44.642722,10.933205
44.642722,10.933205
44.642722,10.933205
44.642726,10.933211
44.642728,10.933211
44.642729,10.93321
44.642729,10.933211
44.642728,10.933212
44.642727,10.933213
44.642727,10.933215
44.642727,10.933218
44.642728,10.93322
44.642733,10.93322
44.642736,10.933223
44.642739,10.933226
44.642745,10.933229
44.64276,10.93324
44.642776,10.933257
44.642786,10.933259
44.642787,10.933258
44.642797,10.933264
44.642806,10.93327
44.642807,10.933273
44.642815,10.933282
44.642817,10.933286
44.642821,10.933288
44.642837,10.9333
44.642859,10.933325
44.642892,10.933358
44.642912,10.933369
44.642918,10.933377
44.642922,10.933375
44.642941,10.933389
44.642958,10.933406
44.642996,10.933431
44.643048,10.93346
44.64308,10.933486
44.643125,10.933543
44.643157,10.933572
44.6432,10.933628
44.643234,10.933657
44.643271,10.933698
44.643286,10.933714
44.643302,10.933724
44.643339,10.933756
44.643366,10.933795
44.6434,10.933828
44.643435,10.93385
44.643473,10.933878
44.643506,10.933909
44.643542,10.93394
44.643569,10.933966
44.643603,10.933992
44.64364,10.934029
44.643674,10.934057
44.643709,10.934084
44.643741,10.934113
44.643767,10.934137
44.643803,10.934169
44.64383,10.934202
44.643862,10.934233
44.643893,10.934265
44.643926,10.934295
44.643961,10.934329
44.643997,10.934359
44.644027,10.934392
44.644049,10.93441
44.644086,10.934442
44.644119,10.93447
44.644157,10.934506
44.644188,10.934539
44.644212,10.934558
44.644231,10.93458
44.644261,10.934602
44.644292,10.93463
44.644323,10.934658
44.644353,10.934687
44.644384,10.934716
44.644419,10.93474
44.644451,10.934769
44.644457,10.934776
44.644488,10.934804
44.644519,10.934832
44.644552,10.93486
44.644558,10.934866
44.644591,10.934894
44.644611,10.934915
44.644637,10.93494
44.644668,10.934966
44.644699,10.934996
44.644728,10.935023
44.64476,10.935049
44.644791,10.935075
44.644802,10.935084
44.644835,10.935108
44.644871,10.935142
44.644894,10.935169
44.644915,10.935185
44.644946,10.935213
44.644967,10.935237
44.644998,10.935264
44.645035,10.935295
44.645059,10.935314
44.645091,10.935353
44.645126,10.935384
44.645157,10.935412
44.645193,10.935445
44.645229,10.935479
44.645251,10.9355
44.645284,10.93553
44.645316,10.935559
44.645341,10.935584
44.645377,10.935615
44.645389,10.935627
44.645404,10.93564
44.645419,10.935652
44.645442,10.935673
44.64545,10.935681
44.645467,10.935698
44.645504,10.935732
44.645543,10.935767
44.645553,10.935777
44.645574,10.935798
44.645594,10.935814
44.645624,10.935842
44.645634,10.935848
44.645663,10.935877
44.645696,10.935906
44.645727,10.935934
44.645759,10.935963
44.645791,10.935992
44.645822,10.936019
44.645854,10.936047
44.645863,10.936056
44.6459,10.936091
44.645937,10.936126
44.645972,10.936157
44.646005,10.936188
44.64603,10.936211
44.646061,10.936238
44.646081,10.936256
44.646097,10.936271
44.646109,10.936281
44.64614,10.93631
44.646175,10.936342
44.6462,10.936366
44.646208,10.936371
44.646216,10.936376
44.646223,10.936381
44.646248,10.936404
44.646249,10.936407
44.646276,10.936428
44.646283,10.936437
44.646287,10.936445
44.646295,10.936452
44.646301,10.936459
44.646313,10.936469
44.646323,10.936476
44.646331,10.936487
44.646336,10.936489
44.646361,10.936514
44.646379,10.936529
44.646396,10.936543
44.646405,10.936552
44.646411,10.936557
44.646416,10.936561
44.64643,10.936574
44.646433,10.936576
44.646457,10.936598
44.646485,10.936632
44.646493,10.936637
44.646506,10.936648
44.646541,10.93668
44.646578,10.936711
44.64661,10.936737
44.646642,10.936764
44.646675,10.936794
44.646706,10.936821
44.646739,10.936845
44.64677,10.936873
44.646805,10.936907
44.64683,10.936933
44.646861,10.936956
44.646894,10.93699
44.646906,10.937001
44.646911,10.937009
44.64693,10.937021
44.64694,10.937029
44.646954,10.937042
44.646988,10.937072
44.647025,10.937104
44.647045,10.937125
44.647078,10.937159
44.647094,10.937173
44.647122,10.937201
44.64716,10.937235
44.647182,10.937253
44.647216,10.937287
44.647228,10.937298
44.647252,10.93732
44.647281,10.937346
44.647314,10.937374
44.647332,10.93739
44.647364,10.937422
44.647389,10.937446
44.647425,10.937478
44.647444,10.937493
44.647465,10.937513
44.647489,10.937532
44.647499,10.937541
44.647512,10.937556
44.647518,10.93756
44.647526,10.937567
44.64753,10.937571
44.647531,10.937572
44.647532,10.937571
44.647532,10.937573
44.647533,10.937572
44.647533,10.937573
44.647532,10.937571
44.647532,10.937572
44.647532,10.937572
44.647535,10.937574
44.647537,10.937569
44.647548,10.937562
44.647554,10.937557
44.647555,10.937554
44.647554,10.937553
44.647554,10.937553
44.647554,10.937552
44.647554,10.937552
44.647554,10.937552
44.647554,10.937552
44.647554,10.937552
44.647554,10.937552
44.647554,10.937551
44.647554,10.937551
44.647561,10.937552
44.647567,10.937546
44.647569,10.937546
44.647569,10.937546
44.647569,10.937546
44.647569,10.937546
44.647569,10.937546
44.647569,10.937546
44.647569,10.937546
44.647569,10.937546
44.647569,10.937546
44.647569,10.937546
44.647569,10.937546
44.647568,10.937546
44.647568,10.937546
44.647568,10.937546
44.647568,10.937546
44.647568,10.937546
44.647568,10.937546
44.647568,10.937546
44.647568,10.937546
44.647568,10.937546
44.647568,10.937546
44.647568,10.937546
44.647568,10.937546
44.647568,10.937546
44.647567,10.937546
44.647567,10.937547
44.647567,10.937547
44.647567,10.937547
44.647567,10.937547
44.647571,10.937545
44.647575,10.937548
44.647578,10.937549
44.647579,10.93755
44.647582,10.937551
44.647583,10.937552
44.647581,10.937554
44.647583,10.937555
44.647586,10.937557
44.647592,10.937561
44.647595,10.937565
44.647596,10.93757
44.647602,10.937577
44.647611,10.937586
44.647622,10.937597
44.64763,10.937606
44.647663,10.937642
44.647669,10.937647
44.647685,10.937662
44.647698,10.937673
44.647717,10.937692
44.647743,10.937718
44.647748,10.937728
44.647764,10.937743
44.647789,10.937764
44.647824,10.937796
44.647841,10.937814
44.647875,10.937846
44.647894,10.937863
44.647931,10.937897
44.647969,10.937931
44.648008,10.937966
44.648037,10.937997
44.648058,10.938015
44.648088,10.938042
44.648119,10.938074
44.64815,10.938103
44.648181,10.938131
44.648213,10.938158
44.648222,10.93817
44.648253,10.938198
44.648291,10.938233
44.648321,10.938261
44.648339,10.938278
44.648349,10.938287
44.648387,10.93832
44.648423,10.938355
44.648458,10.938388
44.648494,10.93842
44.648528,10.938451
44.648562,10.938483
44.648594,10.938517
44.648626,10.93855
44.648658,10.938586
44.648689,10.93862
44.648719,10.938655
44.648749,10.93869
44.648779,10.938723
44.648808,10.938756
44.648814,10.938762
44.648848,10.938797
44.648879,10.938826
44.648911,10.938857
44.648941,10.938887
44.648952,10.938896
44.648967,10.93891
44.648997,10.938939
44.649003,10.938948
44.649019,10.938964
44.649021,10.938967
44.649028,10.938974
44.649037,10.938986
44.649039,10.938989
44.649041,10.938997
44.649047,10.939005
44.649053,10.939014
44.649064,10.939037
44.649068,10.939045
44.64907,10.939053
44.649071,10.939056
44.649071,10.939059
44.649073,10.939063
44.649074,10.939071
44.649081,10.939092
44.649085,10.939109
44.64909,10.939132
44.649099,10.939164
44.64911,10.939198
44.649118,10.939219
44.649127,10.939238
44.649138,10.939259
44.649146,10.939271
44.64915,10.939278
44.649163,10.939295
44.649182,10.939316
44.649193,10.939326
44.64921,10.939339
44.649226,10.939349
44.649248,10.939359
44.649258,10.939363
44.649273,10.939367
44.649297,10.939373
44.649319,10.939379
44.649334,10.939385
44.649343,10.939388
44.649353,10.939391
44.64936,10.939394
44.649367,10.939398
44.64937,10.939399
44.649372,10.939399
44.649373,10.9394
44.649379,10.939403
44.64938,10.939403
44.649382,10.939403
44.649395,10.939409
44.649399,10.93941
44.649403,10.939412
44.649411,10.939414
44.649416,10.939415
44.64942,10.939417
44.649426,10.93942
44.649435,10.939428
44.649461,10.939444
44.649486,10.939464
44.649519,10.939494
44.649552,10.939526
44.649564,10.939537
44.649578,10.939552
44.649591,10.939562
44.649608,10.939582
44.649638,10.939614
44.649671,10.939648
44.649703,10.939686
44.649733,10.939716
44.649763,10.939749
44.649794,10.939781
44.649823,10.939814
44.649852,10.939845
44.649882,10.939879
44.649911,10.939915
44.649942,10.93995
44.649973,10.939987
44.64999,10.940007
44.649999,10.940018
44.650034,10.940058
44.650044,10.940069
44.650072,10.940101
44.650093,10.940124
44.650122,10.940156
44.650151,10.940189
44.650169,10.940211
44.650197,10.940244
44.650226,10.940275
44.650263,10.940317
44.6503,10.940358
44.650338,10.940399
44.650375,10.940438
44.650411,10.940477
44.650448,10.940517
44.650484,10.940557
44.650522,10.940595
44.650552,10.940626
44.650588,10.940665
44.650625,10.940706
44.650663,10.940745
44.650689,10.940776
44.650709,10.940796
44.650746,10.940835
44.650772,10.940864
44.650792,10.940885
44.65083,10.940922
44.650868,10.940961
44.650907,10.940999
44.650933,10.941027
44.650954,10.941045
44.650965,10.941055
44.650983,10.941074
44.651013,10.941102
44.651044,10.94113
44.651056,10.941139
44.651087,10.941167
44.651119,10.941194
44.651151,10.941221
44.651183,10.941247
44.651224,10.941282
44.651256,10.941309
44.65129,10.941335
44.651323,10.941361
44.651357,10.94139
44.651389,10.941417
44.651422,10.941444
44.651454,10.941471
44.651486,10.941497
44.651519,10.941523
44.651559,10.941557
44.651597,10.941588
44.651633,10.941618
44.651669,10.941647
44.651703,10.941675
44.651735,10.941703
44.651767,10.941729
44.6518,10.941755
44.651838,10.941787
44.651875,10.941817
44.651888,10.941829
44.651922,10.941855
44.651954,10.941881
44.651971,10.941896
44.651981,10.941905
44.651995,10.941914
44.652005,10.941924
44.652015,10.941932
44.652039,10.941951
44.65207,10.941978
44.652105,10.942006
44.652123,10.942021
44.652157,10.942048
44.652191,10.942073
44.652224,10.9421
44.652259,10.942125
44.652294,10.942151
44.65232,10.94217
44.65234,10.942182
44.652344,10.942187
44.652362,10.942201
44.652391,10.942224
44.652423,10.942249
44.652458,10.94228
44.652465,10.942286
44.652471,10.94229
44.652507,10.94232
44.652508,10.942327
44.652512,10.942329
44.652522,10.942342
44.652533,10.942356
44.652547,10.942357
44.652566,10.942374
44.652578,10.942386
44.652581,10.942387
44.652591,10.942393
44.652593,10.942396
44.652595,10.942399
44.652597,10.942399
44.652598,10.942401
44.652599,10.942402
44.6526,10.942403
44.6526,10.942403
44.652601,10.942404
44.652602,10.942406
44.652603,10.942407
44.652603,10.942408
44.652604,10.942408
44.652604,10.942409
44.652605,10.942409
44.652606,10.94241
44.652606,10.942411
44.652612,10.942414
44.652614,10.942416
44.652621,10.942422
44.652624,10.942423
44.652636,10.942433
44.652645,10.942442
44.652676,10.942468
44.65268,10.942471
44.652686,10.942478
44.652691,10.942481
44.652717,10.9425
44.65275,10.942523
44.652754,10.942528
44.652779,10.942546
44.652816,10.942575
44.652848,10.9426
44.652881,10.942628
44.652914,10.942655
44.652946,10.942682
44.652977,10.942711
44.653009,10.942739
44.653025,10.942752
44.653041,10.942768
44.653071,10.942798
44.653104,10.942827
44.653135,10.942856
44.653168,10.942888
44.6532,10.942919
44.65322,10.942938
44.653226,10.942944
44.65325,10.942967
44.653251,10.942968
44.65326,10.942973
44.653261,10.942976
44.653262,10.942979
44.653269,10.942983
44.65327,10.942988
44.653271,10.94299
44.653276,10.942999
44.65328,10.943001
44.653281,10.943
44.653284,10.943
44.653285,10.943
44.653285,10.943004
44.653284,10.943009
44.653285,10.94301
44.653286,10.943011
44.653289,10.943014
44.65329,10.943017
44.653291,10.943016
44.653292,10.943018
44.653293,10.943019
44.653298,10.943021
44.653306,10.943032
44.653318,10.943048
44.653325,10.943051
44.653338,10.943062
44.653339,10.943064
44.653343,10.94307
44.653344,10.943069
44.653348,10.943073
44.653352,10.943075
44.653353,10.943077
44.653356,10.943082
44.653356,10.943074
44.653357,10.943074
44.653365,10.943084
44.653365,10.943084
44.653368,10.943086
44.65337,10.943087
44.65337,10.943088
44.653371,10.943089
44.653371,10.943088
44.65337,10.943089
44.653372,10.943093
44.653372,10.943097
44.653372,10.943101
44.653373,10.943102
44.653375,10.943112
44.653379,10.943117
44.653376,10.943119
44.653375,10.943122
44.653375,10.943127
44.653374,10.943127
44.653373,10.943127
44.653376,10.943131
44.653375,10.943136
44.653375,10.943136
44.653375,10.943136
44.653375,10.943136
44.653374,10.943136
44.653374,10.943136
44.653374,10.943136
44.653373,10.943136
44.653373,10.943136
44.653373,10.943136
44.653372,10.943136
44.653372,10.943137
44.653372,10.943137
44.653372,10.943137
44.653371,10.943137
44.653371,10.943137
44.653371,10.943137
44.653371,10.943137
44.653371,10.943137
44.653371,10.943137
44.653371,10.943137
44.65337,10.943137
44.65337,10.943137
44.65337,10.943137
44.65337,10.943137
44.65337,10.943137
44.65337,10.943137
44.653369,10.943137
44.653369,10.943137
44.653369,10.943137
44.653369,10.943137
44.653369,10.943137
44.653369,10.943137
44.653369,10.943137
44.653368,10.943137
44.653368,10.943137
44.653368,10.943137
44.653368,10.943137
44.653368,10.943137
44.653368,10.943137
44.653368,10.943137
44.653368,10.943137
44.653368,10.943137
44.653367,10.943137
44.653367,10.943137
44.653365,10.943136
44.653362,10.943134
44.65336,10.943135
44.653359,10.943135
44.653359,10.943135
44.653358,10.943135
44.653358,10.943135
44.653357,10.943135
44.653356,10.943134
44.653357,10.943128
44.653358,10.943123
44.653355,10.943122
44.653357,10.943119
44.653357,10.943118
44.653357,10.943118
44.653356,10.943117
44.653356,10.943117
44.653355,10.943116
44.653355,10.943115
44.653354,10.943115
44.653353,10.943114
44.653353,10.943114
44.653352,10.943113
44.653352,10.943113
44.653352,10.943113
44.653352,10.943113
44.653351,10.943113
44.653348,10.943113
44.653344,10.943113
44.653343,10.943114
44.653343,10.943114
44.653343,10.943114
44.653343,10.943114
44.653343,10.943114
44.653343,10.943115
44.653343,10.943116
44.653343,10.943116
44.653343,10.943117
44.653344,10.943118
44.653352,10.943128
44.653356,10.943132
44.653357,10.943135
44.653362,10.943142
44.653374,10.943156
44.653381,10.943165
44.653384,10.943166
44.65339,10.943174
44.653419,10.943205
44.653426,10.94321
44.653455,10.943241
44.653476,10.943257
44.653508,10.943287
44.653532,10.943317
44.653543,10.943324
44.653544,10.94333
44.653556,10.94334
44.653559,10.943344
44.653559,10.943338
44.653571,10.943349
44.653576,10.943358
44.653586,10.943368
44.65359,10.94337
44.653593,10.943375
44.653597,10.943375
44.653599,10.943374
44.6536,10.943376
44.653602,10.943379
44.653604,10.94338
44.653604,10.943383
44.653606,10.943385
44.653603,10.943382
44.653608,10.943385
44.653609,10.943386
44.653615,10.943389
44.653617,10.943393
44.653623,10.9434
44.653628,10.943405
44.65363,10.94341
44.65364,10.943409
44.653649,10.943415
44.653658,10.943425
44.653668,10.943437
44.653683,10.943445
44.653718,10.943469
44.653732,10.943477
44.653752,10.943487
44.653761,10.943491
44.653772,10.943494
44.653785,10.943497
44.653799,10.943497
44.653803,10.943496
44.653815,10.943492
44.653826,10.943487
44.653837,10.943487
44.653847,10.94348
44.653853,10.943474
44.653858,10.943467
44.653867,10.943463
44.65387,10.943458
44.653876,10.943445
44.65388,10.943435
44.653883,10.943422
44.65389,10.943408
44.653892,10.943388
44.653892,10.943366
44.653895,10.943337
44.653892,10.943297
44.653891,10.943283
44.653891,10.943264
44.653884,10.943206
44.653883,10.943182
44.653878,10.943133
44.653879,10.94313
44.653873,10.943077
44.65387,10.943044
44.653861,10.942991
44.653855,10.94294
44.65385,10.942901
44.653842,10.942851
44.65384,10.942825
44.653832,10.942768
44.653827,10.942713
44.653819,10.942656
44.653817,10.942648
44.653812,10.942601
44.653806,10.942547
44.653799,10.942497
44.653792,10.942441
44.653783,10.942383
44.65378,10.942361
44.653772,10.942301
44.653763,10.942244
44.653757,10.942193
44.65375,10.942133
44.653743,10.942081
44.653737,10.942028
44.653731,10.941976
44.653724,10.941923
44.653718,10.941869
44.65371,10.941817
44.653708,10.941794
44.653706,10.941784
44.653702,10.941728
44.653694,10.941675
44.653688,10.941622
44.653682,10.941565
44.653676,10.941509
44.653674,10.941494
44.653669,10.941443
44.653665,10.941401
44.65366,10.941385
44.653654,10.941334
44.653648,10.941284
44.653643,10.94125
44.653638,10.941223
44.65363,10.941162
44.653625,10.941109
44.653617,10.941058
44.653611,10.940996
44.653603,10.940935
44.653595,10.940896
44.653591,10.940859
44.653586,10.94081
44.653578,10.940751
44.653571,10.94069
44.653564,10.940633
44.653557,10.940572
44.65355,10.940512
44.653541,10.940451
44.653535,10.940401
44.653528,10.940349
44.653521,10.940297
44.653521,10.940267
44.653513,10.940212
44.653507,10.940161
44.653502,10.940107
44.653495,10.940046
44.653489,10.939987
44.653482,10.939928
44.653476,10.939869
44.653469,10.939817
44.653463,10.939766
44.653455,10.939713
44.653448,10.939658
44.653439,10.939606
44.653433,10.939552
44.653427,10.939502
44.653421,10.939449
44.653415,10.939397
44.65341,10.939345
44.653404,10.939293
44.653395,10.939231
44.653388,10.939177
44.653383,10.939126
44.653375,10.939074
44.653368,10.939022
44.653361,10.938972
44.653356,10.93892
44.653349,10.938864
44.653345,10.938841
44.653338,10.938787
44.653334,10.938734
44.653327,10.938679
44.653321,10.938624
44.653316,10.938581
44.653309,10.938527
44.653302,10.938473
44.653295,10.938414
44.653289,10.938357
44.653285,10.938299
44.653281,10.938274
44.653276,10.938221
44.653269,10.938171
44.653261,10.93811
44.653253,10.938048
44.653248,10.937997
44.653242,10.937946
44.653235,10.937895
44.653229,10.937843
44.653222,10.93779
44.653215,10.937736
44.653213,10.937706
44.653206,10.937652
44.6532,10.937595
44.653195,10.937537
44.653192,10.937509
44.653186,10.937451
44.653181,10.937395
44.653175,10.937372
44.653172,10.937316
44.653168,10.937291
44.653161,10.937235
44.653155,10.937181
44.65315,10.937125
44.653143,10.937072
44.653137,10.937021
44.653132,10.936968
44.653126,10.936918
44.653122,10.936867
44.653118,10.93681
44.653115,10.936757
44.653113,10.936702
44.653113,10.936647
44.653112,10.936591
44.653112,10.936533
44.653114,10.936477
44.653118,10.936416
44.653119,10.936403
44.653124,10.936347
44.653131,10.936289
44.653135,10.93627
44.653143,10.936212
44.653151,10.936155
44.653161,10.936125
44.653173,10.93608
44.653179,10.936051
44.653186,10.93602
44.653201,10.935959
44.653213,10.935911
44.653222,10.935882
44.653236,10.935817
44.653253,10.935757
44.65327,10.9357
44.653287,10.93564
44.653304,10.935585
44.65332,10.935531
44.653337,10.935479
44.653356,10.935426
44.653372,10.935374
44.653385,10.935339
44.653402,10.935292
44.65342,10.935245
44.653436,10.935202
44.653453,10.935157
44.653461,10.935138
44.653465,10.935127
44.653486,10.935071
44.653506,10.935025
44.653525,10.934977
44.653546,10.934926
44.653565,10.934878
44.653585,10.93483
44.653605,10.934783
44.653625,10.934737
44.653646,10.934692
44.653665,10.934648
44.653685,10.934603
44.653703,10.934558
44.653722,10.934513
44.653744,10.934458
44.653766,10.934403
44.653786,10.934349
44.653806,10.934295
44.653826,10.934239
44.653844,10.934185
44.65386,10.934163
44.653882,10.934113
44.653899,10.934069
44.653919,10.934016
44.653937,10.933964
44.653958,10.933912
44.653976,10.933859
44.653987,10.933831
44.654006,10.933783
44.654015,10.933757
44.654027,10.933724
44.654035,10.933701
44.654051,10.933652
44.65407,10.933601
44.654089,10.933546
44.654105,10.933507
44.654116,10.933484
44.654138,10.93344
44.654149,10.933415
44.654169,10.933378
44.654183,10.93335
44.654203,10.933307
44.654231,10.933252
44.654252,10.933208
44.654273,10.933164
44.654295,10.933119
44.654318,10.933075
44.65434,10.933029
44.654364,10.932985
44.654388,10.932937
44.654412,10.932891
44.654435,10.932846
44.654459,10.9328
44.654482,10.932754
44.654505,10.93271
44.654528,10.932665
44.654551,10.932621
44.654574,10.932576
44.654597,10.932532
44.654621,10.932488
44.654644,10.932443
44.654667,10.9324
44.65469,10.932355
44.654712,10.932312
44.654735,10.932268
44.654758,10.932225
44.654781,10.932182
44.654796,10.932155
44.654818,10.932112
44.654832,10.932087
44.65486,10.932034
44.654887,10.931982
44.654914,10.931928
44.65492,10.931917
44.654934,10.931889
44.654961,10.931837
44.654988,10.931783
44.655016,10.93173
44.655029,10.931705
44.655057,10.931654
44.655084,10.931602
44.655111,10.931549
44.655138,10.931499
44.655157,10.931462
44.655181,10.931413
44.655205,10.931366
44.655223,10.931333
44.655235,10.931308
44.655247,10.931286
44.65527,10.93124
44.655287,10.931208
44.6553,10.931184
44.655323,10.93114
44.655335,10.931116
44.655358,10.931072
44.655382,10.931025
44.655405,10.930982
44.655418,10.930957
44.655429,10.930935
44.655454,10.930889
44.655478,10.930845
44.65549,10.930819
44.655515,10.930771
44.65554,10.930724
44.655563,10.930679
44.65558,10.930647
44.655597,10.930616
44.655622,10.930566
44.655637,10.930539
44.655661,10.930492
44.655676,10.930463
44.655685,10.930446
44.655706,10.930409
44.655721,10.930383
44.655747,10.930338
44.655771,10.930295
44.655794,10.930253
44.655817,10.930212
44.65584,10.930171
44.655863,10.930127
44.655886,10.930083
44.65591,10.930037
44.655935,10.929989
44.65596,10.929941
44.655985,10.929894
44.655993,10.929877
44.656013,10.929832
44.656024,10.929815
44.656031,10.929797
44.656053,10.929754
44.656074,10.929709
44.656097,10.929665
44.656111,10.929631
44.65612,10.929616
44.656134,10.929585
44.656152,10.929549
44.656173,10.929499
44.656187,10.929468
44.656207,10.929419
44.656223,10.929372
44.656242,10.929324
44.656262,10.929275
44.656282,10.929228
44.656285,10.929224
44.656308,10.929178
44.656322,10.929155
44.656342,10.929124
44.656371,10.929082
44.656397,10.92904
44.656413,10.929007
44.65642,10.928986
44.656427,10.928963
44.656429,10.928947
44.656431,10.928931
44.656432,10.928907
44.656432,10.928891
44.656429,10.928866
44.656428,10.928849
44.656423,10.928833
44.656416,10.928808
44.656408,10.928791
44.656394,10.928756
44.656375,10.928721
44.656352,10.92867
44.656334,10.928626
44.656318,10.928579
44.656308,10.928542
44.656296,10.928489
44.656286,10.928435
44.656278,10.928378
44.65627,10.928322
44.656262,10.928262
44.656257,10.928231
44.65625,10.928182
44.656241,10.928115
44.656233,10.928063
44.656226,10.92801
44.65622,10.927957
44.656214,10.92792
44.656207,10.927864
44.6562,10.927808
44.656192,10.927752
44.656184,10.927696
44.656174,10.92764
44.656166,10.927585
44.656156,10.927528
44.656146,10.927473
44.656135,10.927416
44.656125,10.927362
44.656115,10.927309
44.656105,10.927257
44.656095,10.927207
44.656081,10.927143
44.656068,10.92708
44.656056,10.927019
44.656041,10.92696
44.656027,10.926899
44.656012,10.926837
44.655995,10.926775
44.65598,10.926713
44.655968,10.926665
44.65595,10.926603
44.655937,10.926555
44.655924,10.926502
44.655908,10.92645
44.655899,10.926412
44.655884,10.92636
44.65587,10.926311
44.655856,10.926259
44.655844,10.926209
44.655832,10.92616
44.65582,10.926114
44.655811,10.926085
44.655798,10.926024
44.655784,10.925964
44.655773,10.925903
44.655762,10.925844
44.655754,10.925784
44.655746,10.925728
44.65574,10.92567
44.655735,10.925611
44.655731,10.925551
44.655727,10.925492
44.655726,10.92543
44.655725,10.925369
44.655725,10.925309
44.655726,10.925248
44.655727,10.925187
44.65573,10.925125
44.655736,10.925061
44.655743,10.924998
44.65575,10.924936
44.655759,10.924872
44.655769,10.924807
44.65578,10.924742
44.65579,10.924675
44.655798,10.924625
44.655807,10.924573
44.655815,10.924523
44.655824,10.92447
44.655833,10.924417
44.655842,10.924364
44.655852,10.924308
44.655862,10.924251
44.655872,10.924191
44.655883,10.924131
44.655893,10.92407
44.655904,10.924006
44.655915,10.923943
44.655926,10.923877
44.655938,10.923812
44.655949,10.923746
44.655959,10.923682
44.65597,10.92362
44.655982,10.923558
44.65599,10.923499
44.656,10.92344
44.656004,10.923422
44.656015,10.923363
44.656024,10.923307
44.656034,10.923252
44.656045,10.923197
44.656055,10.923142
44.656064,10.923088
44.656073,10.923036
44.656083,10.922983
44.656093,10.922931
44.656103,10.922881
44.656114,10.92283
44.656124,10.92278
44.656134,10.922731
44.656145,10.922681
44.656156,10.922631
44.656167,10.922582
44.656178,10.922532
44.656192,10.922467
44.656203,10.922418
44.656215,10.922366
44.656227,10.922316
44.656235,10.92228
44.656248,10.922228
44.656261,10.922174
44.656275,10.92212
44.656284,10.922083
44.656297,10.922029
44.65631,10.921975
44.656324,10.92192
44.656338,10.921864
44.656353,10.921807
44.656366,10.921752
44.656381,10.921694
44.656395,10.921637
44.65641,10.92158
44.656419,10.921544
44.656433,10.921489
44.656446,10.921436
44.656459,10.921384
44.656473,10.921334
44.656486,10.921282
44.656498,10.921233
44.65651,10.921185
44.656527,10.921123
44.656543,10.921061
44.65655,10.921033
44.656565,10.920975
44.656581,10.920917
44.656588,10.920891
44.656601,10.92084
44.656612,10.920792
44.656615,10.920782
44.65663,10.920728
44.656639,10.920698
44.656644,10.920681
44.656653,10.920656
44.656661,10.920635
44.656671,10.920616
44.656675,10.920611
44.656685,10.920597
44.656697,10.920584
44.656711,10.920574
44.656715,10.920572
44.656726,10.920568
44.656737,10.920564
44.656749,10.920562
44.656766,10.920561
44.656778,10.920562
44.656797,10.920565
44.656822,10.920572
44.656842,10.920581
44.656865,10.920591
44.656889,10.920604
44.656899,10.920609
44.656937,10.920629
44.656958,10.92064
44.65697,10.920645
44.657006,10.920663
44.657032,10.920676
44.657045,10.920683
44.657073,10.920696
44.657102,10.920711
44.657132,10.920724
44.657149,10.920733
44.657163,10.92074
44.657192,10.920754
44.657235,10.920774
44.657277,10.920795
44.657321,10.920819
44.657363,10.920838
44.657406,10.920862
44.657448,10.920882
44.657489,10.920903
44.657531,10.920923
44.657572,10.920944
44.657614,10.920965
44.657655,10.920985
44.657695,10.921005
44.657737,10.921026
44.657776,10.921046
44.657817,10.921067
44.657857,10.921087
44.657898,10.921107
44.657939,10.921128
44.65798,10.921149
44.658021,10.921169
44.658063,10.921189
44.658105,10.921211
44.658147,10.921232
44.658191,10.921253
44.658233,10.921274
44.658274,10.921295
44.658313,10.921315
44.658352,10.921335
44.65839,10.921354
44.658427,10.921373
